Zip_CoDE,Estimate!!EDUCATIONAL ATTAINMENT!!Population 25 years and over!!Less than 9th grade,Percent!!EDUCATIONAL ATTAINMENT!!Population 25 years and over!!Less than 9th grade,"Estimate!!EDUCATIONAL ATTAINMENT!!Population 25 years and over!!9th to 12th grade, no diploma","Percent!!EDUCATIONAL ATTAINMENT!!Population 25 years and over!!9th to 12th grade, no diploma",Estimate!!EDUCATIONAL ATTAINMENT!!Population 25 years and over!!High school graduate (includes equivalency),Percent!!EDUCATIONAL ATTAINMENT!!Population 25 years and over!!High school graduate (includes equivalency),"Estimate!!EDUCATIONAL ATTAINMENT!!Population 25 years and over!!Some college, no degree","Percent!!EDUCATIONAL ATTAINMENT!!Population 25 years and over!!Some college, no degree",Estimate!!EDUCATIONAL ATTAINMENT!!Population 25 years and over!!Associate's degree,Percent!!EDUCATIONAL ATTAINMENT!!Population 25 years and over!!Associate's degree,Estimate!!EDUCATIONAL ATTAINMENT!!Population 25 years and over!!Bachelor's degree,Percent!!EDUCATIONAL ATTAINMENT!!Population 25 years and over!!Bachelor's degree,Estimate!!EDUCATIONAL ATTAINMENT!!Population 25 years and over!!Graduate or professional degree,Percent!!EDUCATIONAL ATTAINMENT!!Population 25 years and over!!Graduate or professional degree,Percent!!EDUCATIONAL ATTAINMENT!!Percent high school graduate or higher
33626,165,0.8,444,2.3,2529,12.9,3183,16.3,1661,8.5,7030,36,4525,23.2,96.9
33629,305,1.7,166,0.9,2263,12.4,2425,13.3,1118,6.1,6512,35.7,5457,29.9,97.4
33634,838,5.7,1250,8.5,4248,29,2717,18.6,1294,8.8,2988,20.4,1290,8.8,85.7
33635,330,2.7,697,5.6,3495,28.3,2869,23.2,1345,10.9,2214,17.9,1407,11.4,91.7
33637,450,4.5,539,5.4,2549,25.4,2188,21.8,1037,10.3,2216,22,1071,10.7,90.2
33647,872,2.2,775,1.9,5737,14.2,6905,17.1,3290,8.1,13006,32.1,9875,24.4,95.9
33701,334,2.7,944,7.7,2763,22.4,2334,18.9,868,7,2851,23.1,2230,18.1,89.6
33702,574,2.6,1558,7,6344,28.3,4959,22.1,2275,10.2,4416,19.7,2278,10.2,90.5
33703,412,2.3,1095,6,4235,23.3,3813,21,1746,9.6,4296,23.7,2548,14,91.7
33704,223,1.8,404,3.2,2214,17.5,2200,17.4,993,7.8,3698,29.2,2934,23.2,95
33705,988,5.1,1510,7.8,5612,28.9,3985,20.5,1764,9.1,3148,16.2,2391,12.3,87.1
33706,153,1.1,480,3.4,2603,18.6,3220,23,1335,9.5,3450,24.6,2779,19.8,95.5
33707,431,2.1,1282,6.2,5627,27.2,4391,21.3,1736,8.4,4764,23.1,2429,11.8,91.7
33708,291,2,544,3.8,3726,26.1,3508,24.5,1203,8.4,3271,22.9,1749,12.2,94.2
33709,946,4.6,2241,10.9,8074,39.3,4484,21.8,1599,7.8,2170,10.6,1014,4.9,84.5
33710,652,2.6,1122,4.6,6912,28,5744,23.3,2894,11.7,4927,20,2391,9.7,92.8
33711,300,2.4,1635,13,3994,31.7,2688,21.4,1000,7.9,1840,14.6,1129,9,84.6
33712,701,4.1,1781,10.4,5102,29.7,3578,20.9,1873,10.9,2849,16.6,1272,7.4,85.5
33713,993,4.3,1962,8.6,6698,29.3,5087,22.2,2797,12.2,3768,16.5,1558,6.8,87.1
33714,1145,8.2,2007,14.3,5084,36.3,2669,19.1,1297,9.3,1342,9.6,465,3.3,77.5
33715,57,0.9,119,1.9,945,14.9,1261,19.9,434,6.9,1906,30.1,1606,25.4,97.2
33716,195,1.6,394,3.2,2680,21.5,2917,23.5,1073,8.6,3364,27,1816,14.6,95.3
33744,23,14.2,12,7.4,78,48.1,25,15.4,12,7.4,0,0,12,7.4,78.4
33755,555,3.3,1803,10.7,5391,32,4063,24.1,1517,9,2609,15.5,931,5.5,86
33756,1205,5.2,1805,7.8,6119,26.6,5714,24.8,2596,11.3,3844,16.7,1733,7.5,86.9
33759,181,1.4,847,6.7,4004,31.9,2592,20.6,1202,9.6,2498,19.9,1237,9.8,91.8
33760,527,4.4,1282,10.6,4032,33.3,2719,22.5,1102,9.1,1578,13.1,850,7,85
33761,263,1.7,453,2.9,3885,25,3689,23.8,1528,9.9,3798,24.5,1893,12.2,95.4
33762,105,1.8,559,9.6,1502,25.7,1084,18.5,471,8.1,1196,20.4,932,15.9,88.6
33763,683,4.7,669,4.6,4519,30.9,3924,26.8,1265,8.6,2338,16,1241,8.5,90.8
33764,616,3,871,4.3,6142,30.1,5095,25,2108,10.3,3729,18.3,1818,8.9,92.7
33765,207,1.9,776,7.1,3378,31,2789,25.6,1256,11.5,1909,17.5,583,5.3,91
33767,206,2.8,179,2.5,1544,21.3,1602,22.1,576,8,1813,25,1322,18.3,94.7
33770,798,4,1589,8,6725,34,4731,23.9,1768,8.9,2801,14.2,1357,6.9,87.9
33771,661,3,2021,9.1,8076,36.4,5417,24.4,2024,9.1,2898,13.1,1095,4.9,87.9
33772,320,1.9,912,5.3,5271,30.5,4084,23.6,1887,10.9,3334,19.3,1483,8.6,92.9
33773,348,2.6,1064,8.1,4409,33.5,2925,22.2,1288,9.8,2250,17.1,878,6.7,89.3
33774,457,3.2,872,6.1,4551,31.7,3049,21.2,1668,11.6,2513,17.5,1258,8.8,90.8
33776,97,1,192,2,2633,27.7,1895,19.9,1173,12.3,2310,24.3,1200,12.6,97
33777,244,1.9,859,6.8,3948,31.3,2561,20.3,1365,10.8,2253,17.8,1394,11,91.3
33778,357,3.3,1061,9.7,3595,33,2582,23.7,1098,10.1,1458,13.4,752,6.9,87
33781,785,4.3,2011,11,7274,39.8,3109,17,2139,11.7,1771,9.7,1199,6.6,84.7
33782,614,3.6,1150,6.7,6266,36.4,3733,21.7,1575,9.2,2440,14.2,1424,8.3,89.7
33785,16,0.3,186,3.7,1139,22.8,1033,20.6,499,10,1381,27.6,750,15,96
33786,40,2.8,41,2.8,238,16.5,221,15.3,95,6.6,528,36.6,280,19.4,94.4
33801,1607,7.4,3107,14.2,7962,36.5,4436,20.3,1538,7.1,2250,10.3,911,4.2,78.4
33803,617,2.9,1186,5.7,6474,30.9,3947,18.8,1695,8.1,4510,21.5,2543,12.1,91.4
33805,1152,7.5,1751,11.4,5848,38.2,2971,19.4,1364,8.9,1493,9.7,738,4.8,81
33809,716,3.4,1650,7.9,7904,37.9,4396,21.1,1902,9.1,2822,13.5,1479,7.1,88.7
33810,1338,4,3100,9.3,12342,36.9,7027,21,3515,10.5,4134,12.3,2019,6,86.7
33811,635,4.3,904,6.1,5790,39.2,3236,21.9,1231,8.3,2167,14.7,807,5.5,89.6
33812,45,0.5,518,6.1,2136,25.2,1884,22.3,1113,13.1,1781,21,989,11.7,93.3
33813,351,1.4,933,3.8,6366,25.7,4788,19.3,2283,9.2,6387,25.8,3673,14.8,94.8
33815,900,9.2,1384,14.1,4810,49,1343,13.7,600,6.1,532,5.4,247,2.5,76.7
33823,1423,6.9,2418,11.7,7965,38.6,3964,19.2,1808,8.8,1939,9.4,1093,5.3,81.4
33825,1612,8.8,2123,11.5,6995,38,3446,18.7,1446,7.9,1693,9.2,1087,5.9,79.7
33827,8,0.4,187,10.3,552,30.4,516,28.4,171,9.4,203,11.2,179,9.9,89.3
33830,1011,5.6,1795,10,7568,42,3081,17.1,1630,9,2260,12.5,680,3.8,84.4
33834,947,18.4,690,13.4,2166,42.1,645,12.5,224,4.4,380,7.4,91,1.8,68.2
33837,1185,7.4,1268,7.9,5023,31.4,3969,24.8,1219,7.6,2359,14.8,957,6,84.6
33838,162,6.4,358,14.1,961,37.8,675,26.5,127,5,179,7,83,3.3,79.6
33839,196,10.9,179,9.9,698,38.8,430,23.9,123,6.8,100,5.6,75,4.2,79.2
33841,554,9.2,576,9.6,2838,47.3,973,16.2,383,6.4,489,8.1,193,3.2,81.2
33843,1001,11.4,1375,15.6,3309,37.7,1585,18,583,6.6,544,6.2,389,4.4,73
33844,3144,13.7,2772,12.1,8820,38.4,4094,17.8,1447,6.3,1878,8.2,818,3.6,74.2
33847,5,7.8,20,31.3,13,20.3,9,14.1,0,0,8,12.5,9,14.1,60.9
33848,108,18.6,161,27.7,121,20.8,192,33,0,0,0,0,0,0,53.8
33849,28,4.3,42,6.5,220,33.8,216,33.2,108,16.6,36,5.5,0,0,89.2
33850,447,7.5,504,8.4,2329,39,1323,22.2,454,7.6,533,8.9,379,6.3,84.1
33851,40,5.8,49,7.1,396,57.5,65,9.4,57,8.3,70,10.2,12,1.7,87.1
33852,1267,8.2,1429,9.2,6079,39.3,3186,20.6,1213,7.8,1662,10.7,647,4.2,82.6
33853,981,12.8,1057,13.8,2341,30.5,1529,19.9,585,7.6,796,10.4,383,5,73.4
33854,0,0,0,0,54,70.1,0,0,0,0,23,29.9,0,0,100
33855,0,0,7,46.7,0,0,8,53.3,0,0,0,0,0,0,53.3
33856,0,0,34,7.6,237,52.8,151,33.6,8,1.8,19,4.2,0,0,92.4
33857,193,16,153,12.7,604,50.2,176,14.6,38,3.2,30,2.5,10,0.8,71.3
33859,389,5.6,770,11.1,2511,36.3,1580,22.8,436,6.3,722,10.4,518,7.5,83.3
33860,1190,7.4,1662,10.3,6610,41,2569,15.9,1503,9.3,1936,12,641,4,82.3
33865,53,15.8,52,15.5,155,46.3,30,9,0,0,45,13.4,0,0,68.7
33867,0,0,41,9.8,158,37.9,63,15.1,25,6,100,24,30,7.2,90.2
33868,480,5.7,1286,15.1,3717,43.8,1518,17.9,531,6.3,637,7.5,326,3.8,79.2
33870,1134,7.2,1964,12.4,5916,37.3,3432,21.7,1066,6.7,1552,9.8,784,4.9,80.5
33872,517,4,1171,8.9,4610,35.2,3017,23.1,1320,10.1,1480,11.3,972,7.4,87.1
33873,1798,20.7,812,9.4,3324,38.3,1530,17.6,247,2.8,668,7.7,299,3.4,69.9
33875,289,3.6,462,5.8,2505,31.2,2187,27.2,715,8.9,1245,15.5,631,7.9,90.7
33876,190,5.4,485,13.7,1249,35.3,919,26,265,7.5,231,6.5,196,5.5,80.9
33877,0,0,85,36.8,97,42,49,21.2,0,0,0,0,0,0,63.2
33880,2758,11,2894,11.5,9802,38.9,4821,19.2,1677,6.7,2176,8.6,1040,4.1,77.5
33881,1783,8,2568,11.5,8090,36.1,4789,21.4,1530,6.8,2494,11.1,1169,5.2,80.6
33884,767,3.6,1230,5.7,6539,30.3,5299,24.6,2258,10.5,3386,15.7,2099,9.7,90.7
33890,633,20.4,344,11.1,1343,43.4,476,15.4,113,3.6,105,3.4,82,2.6,68.4
33896,298,4.5,742,11.2,1700,25.6,1463,22,567,8.5,1211,18.2,666,10,84.4
33897,513,4,823,6.4,3878,30.4,3609,28.2,1038,8.1,2195,17.2,721,5.6,89.5
33898,566,4.7,1259,10.5,4998,41.5,2752,22.9,641,5.3,1198,10,625,5.2,84.8
33901,1485,10,1675,11.3,3734,25.2,3036,20.5,858,5.8,2428,16.4,1593,10.8,78.7
33903,777,4.2,1620,8.8,6810,37,4399,23.9,1215,6.6,2385,13,1194,6.5,87
33904,957,3.7,2053,7.9,9542,36.7,5280,20.3,2590,10,3797,14.6,1765,6.8,88.4
33905,3157,12.4,3433,13.5,8558,33.7,5082,20,1478,5.8,2439,9.6,1265,5,74.1
33907,1591,9.7,1032,6.3,5021,30.7,3136,19.2,1409,8.6,2650,16.2,1498,9.2,83.9
33908,620,2,1291,4.2,8472,27.5,6275,20.4,2102,6.8,7241,23.5,4811,15.6,93.8
33909,685,3.9,1409,8,6773,38.4,3670,20.8,2005,11.4,2307,13.1,790,4.5,88.1
33912,208,1.6,653,4.9,3043,22.7,3093,23.1,1177,8.8,3107,23.2,2137,15.9,93.6
33913,209,1.4,709,4.8,2895,19.8,2830,19.4,1185,8.1,4240,29,2554,17.5,93.7
33914,664,2.4,1230,4.4,9293,33.6,6315,22.8,2523,9.1,4637,16.8,3007,10.9,93.2
33916,1808,12.7,1883,13.3,4271,30.1,2821,19.9,970,6.8,1480,10.4,977,6.9,74
33917,624,2.5,2163,8.8,10473,42.7,5433,22.2,1513,6.2,2707,11,1601,6.5,88.6
33919,370,1.6,1368,5.9,5578,23.9,5175,22.2,2331,10,5051,21.7,3438,14.7,92.5
33920,112,2.8,389,9.6,1537,37.9,860,21.2,484,11.9,396,9.8,280,6.9,87.7
33921,26,2.8,32,3.4,54,5.7,285,30.3,66,7,310,32.9,169,17.9,93.8
33922,39,1.3,197,6.6,1056,35.4,771,25.9,156,5.2,456,15.3,305,10.2,92.1
33924,26,12.6,13,6.3,56,27.1,50,24.2,9,4.3,30,14.5,23,11.1,81.2
33928,354,1.9,690,3.6,4403,23,3457,18.1,1787,9.4,5135,26.9,3286,17.2,94.5
33930,46,14.2,112,34.7,149,46.1,16,5,0,0,0,0,0,0,51.1
33931,210,2.1,447,4.6,2687,27.4,2305,23.5,737,7.5,1910,19.5,1506,15.4,93.3
33935,3049,25.1,1357,11.2,3858,31.7,1949,16,841,6.9,630,5.2,481,4,63.8
33936,1454,9.2,2339,14.9,5441,34.6,2973,18.9,1258,8,1536,9.8,747,4.7,75.9
33944,0,0,47,17.8,200,75.8,0,0,0,0,0,0,17,6.4,82.2
33945,0,-,0,-,0,-,0,-,0,-,0,-,0,-,-
33946,33,1.7,127,6.5,629,32.2,401,20.5,176,9,428,21.9,159,8.1,91.8
33947,110,1.5,244,3.2,2599,34.4,1975,26.1,697,9.2,1324,17.5,615,8.1,95.3
33948,314,2.4,750,5.7,4639,35.5,3329,25.5,1159,8.9,1587,12.2,1278,9.8,91.9
33950,330,1.8,920,4.9,5187,27.9,4220,22.7,1535,8.2,4010,21.5,2419,13,93.3
33952,772,3.2,2442,10.3,8725,36.7,6140,25.8,1831,7.7,2390,10.1,1470,6.2,86.5
33953,88,1.6,322,5.8,1929,34.8,1363,24.6,662,11.9,660,11.9,523,9.4,92.6
33954,323,5,325,5,2361,36.6,1394,21.6,734,11.4,909,14.1,412,6.4,90
33955,315,3.4,1061,11.4,2737,29.5,2118,22.8,727,7.8,1397,15.1,916,9.9,85.2
33956,36,1.1,314,9.3,836,24.8,1022,30.3,210,6.2,577,17.1,377,11.2,89.6
33957,24,0.4,161,2.6,690,11,961,15.3,388,6.2,2236,35.7,1804,28.8,97
33960,58,9.5,88,14.4,217,35.5,125,20.4,23,3.8,67,10.9,34,5.6,76.1
33965,0,0,0,0,0,0,0,0,4,100,0,0,0,0,100
33966,308,4.3,288,4,1668,23.2,1293,18,811,11.3,1785,24.8,1040,14.5,91.7
33967,1016,6.6,1079,7,4293,27.7,3221,20.8,1526,9.8,3073,19.8,1290,8.3,86.5
33971,991,6.9,1677,11.8,5249,36.8,2982,20.9,1447,10.1,1375,9.6,546,3.8,81.3
33972,749,7.4,1253,12.4,3193,31.6,2146,21.3,980,9.7,1258,12.5,518,5.1,80.2
33973,1215,16.4,1324,17.9,2260,30.5,1425,19.2,387,5.2,628,8.5,173,2.3,65.7
33974,735,6.9,1177,11,3835,35.8,2190,20.5,1242,11.6,1045,9.8,481,4.5,82.1
33976,1137,11.3,1292,12.9,3620,36.1,2152,21.4,738,7.4,865,8.6,231,2.3,75.8
33980,288,2.9,1077,10.7,2825,28.2,2519,25.1,937,9.3,1618,16.1,764,7.6,86.4
33981,226,2.8,483,5.9,3140,38.3,2133,26,653,8,1056,12.9,508,6.2,91.4
33982,544,6.6,871,10.6,2707,33.1,2227,27.2,779,9.5,618,7.6,436,5.3,82.7
33983,507,4.4,706,6.2,3970,34.6,2651,23.1,1396,12.2,1369,11.9,875,7.6,89.4
33990,1175,4.9,1561,6.5,8878,37.1,5387,22.5,2245,9.4,3242,13.6,1427,6,88.6
33991,285,2,597,4.2,4704,33.3,2953,20.9,1652,11.7,2803,19.9,1117,7.9,93.7
33993,444,2.7,880,5.4,5515,34.1,4552,28.1,1632,10.1,1895,11.7,1264,7.8,91.8
34101,0,-,0,-,0,-,0,-,0,-,0,-,0,-,-
34102,454,4.8,420,4.4,1525,16,1747,18.3,597,6.3,2892,30.3,1917,20.1,90.9
34103,514,4.7,345,3.2,1934,17.7,1940,17.8,730,6.7,2882,26.4,2559,23.5,92.1
34104,965,5.1,1518,8.1,6131,32.7,4004,21.3,1403,7.5,2622,14,2133,11.4,86.8
34105,245,1.9,483,3.7,2256,17.2,2569,19.6,1305,10,3708,28.3,2523,19.3,94.4
34108,208,1.5,521,3.7,3187,22.5,2157,15.2,935,6.6,3932,27.7,3235,22.8,94.9
34109,381,2,733,3.9,4216,22.3,3170,16.7,1608,8.5,5601,29.6,3217,17,94.1
34110,434,2.2,498,2.5,4674,23.3,3946,19.7,1758,8.8,4890,24.4,3876,19.3,95.4
34112,1036,4.9,1605,7.6,6863,32.4,4387,20.7,1262,6,3587,16.9,2463,11.6,87.5
34113,1917,13.9,826,6,3946,28.6,2836,20.6,632,4.6,2058,14.9,1582,11.5,80.1
34114,1091,8.6,971,7.7,4023,31.9,2184,17.3,1034,8.2,1980,15.7,1343,10.6,83.7
34116,3623,16.4,2671,12.1,7360,33.3,3312,15,1720,7.8,2264,10.3,1129,5.1,71.5
34117,943,8.8,814,7.6,4071,37.8,1712,15.9,1080,10,1328,12.3,813,7.6,83.7
34119,336,1.5,739,3.4,5018,23.1,4444,20.4,2258,10.4,5092,23.4,3867,17.8,95.1
34120,1306,6.2,1732,8.3,6120,29.2,3554,17,2120,10.1,3608,17.2,2518,12,85.5
34134,128,1,274,2.2,2740,21.6,2445,19.3,1132,8.9,3445,27.2,2495,19.7,96.8
34135,3309,10.1,2192,6.7,8101,24.7,6252,19,2649,8.1,6285,19.1,4052,12.3,83.2
34137,0,0,0,0,133,89.3,16,10.7,0,0,0,0,0,0,100
34138,0,0,0,0,45,42.9,12,11.4,13,12.4,11,10.5,24,22.9,100
34139,3,0.7,43,10.6,116,28.6,106,26.2,48,11.9,77,19,12,3,88.6
34140,0,0,0,0,0,0,66,41,14,8.7,81,50.3,0,0,100
34141,0,0,29,100,0,0,0,0,0,0,0,0,0,0,0
34142,6186,40,2703,17.5,3730,24.1,1343,8.7,430,2.8,643,4.2,427,2.8,42.5
34145,514,3.4,833,5.5,2823,18.5,3106,20.3,1035,6.8,4154,27.2,2804,18.4,91.2
34201,45,1.2,55,1.5,643,17.7,654,18,297,8.2,1011,27.8,934,25.7,97.3
34202,103,0.6,381,2.3,2350,14.5,2709,16.7,1841,11.4,4989,30.8,3841,23.7,97
34203,1727,6.6,1974,7.5,8063,30.7,5578,21.2,2348,8.9,4158,15.8,2424,9.2,85.9
34205,1393,6.3,2140,9.7,8152,37.1,4683,21.3,1913,8.7,2460,11.2,1223,5.6,83.9
34207,1965,8,2917,11.8,10059,40.8,4879,19.8,1504,6.1,1971,8,1387,5.6,80.2
34208,2654,10.8,2786,11.4,8718,35.6,4482,18.3,1617,6.6,2924,11.9,1292,5.3,77.8
34209,355,1.3,1740,6.4,8352,30.9,6290,23.3,2034,7.5,5067,18.7,3202,11.8,92.3
34210,208,1.6,637,4.9,3478,26.9,3243,25.1,1155,8.9,2385,18.5,1815,14,93.5
34211,61,1.5,184,4.5,623,15.4,847,20.9,511,12.6,1079,26.6,751,18.5,94
34212,54,0.5,554,4.6,2281,19.1,2457,20.5,1249,10.4,3423,28.6,1948,16.3,94.9
34215,0,0,25,8.9,76,27,38,13.5,9,3.2,90,32,43,15.3,91.1
34216,5,0.5,33,3.4,295,30.4,199,20.5,57,5.9,194,20,187,19.3,96.1
34217,14,0.3,74,1.6,1036,22.5,920,20,544,11.8,1062,23.1,951,20.7,98.1
34219,500,3.2,632,4,4023,25.4,3805,24,1942,12.3,3373,21.3,1559,9.8,92.9
34221,1681,5.6,2462,8.2,11395,37.9,6333,21,2620,8.7,3721,12.4,1876,6.2,86.2
34222,324,3.5,381,4.1,3586,38.4,1954,20.9,1167,12.5,1350,14.5,570,6.1,92.4
34223,232,1.6,719,4.9,5195,35.2,2986,20.2,1284,8.7,2533,17.1,1826,12.4,93.6
34224,305,2.4,889,6.9,5054,39.4,3176,24.7,1249,9.7,1303,10.1,866,6.7,90.7
34228,108,1.6,180,2.6,753,10.8,1177,16.9,348,5,2277,32.8,2102,30.3,95.9
34229,58,0.9,199,3.2,1612,25.7,1075,17.1,367,5.9,1539,24.5,1420,22.6,95.9
34231,502,2.1,1316,5.6,6739,28.6,5807,24.6,1870,7.9,4449,18.9,2895,12.3,92.3
34232,974,3.8,1200,4.7,8942,34.9,5175,20.2,2279,8.9,4734,18.5,2331,9.1,91.5
34233,74,0.6,824,6.2,3470,26.2,2656,20,1168,8.8,3346,25.2,1721,13,93.2
34234,849,5.6,1647,10.9,5580,37,3135,20.8,991,6.6,1895,12.6,1000,6.6,83.5
34235,292,2.7,448,4.1,2421,22.2,2661,24.5,754,6.9,2491,22.9,1814,16.7,93.2
34236,217,2,491,4.5,1748,16.1,2167,19.9,629,5.8,3150,28.9,2480,22.8,93.5
34237,791,6.2,1296,10.1,4365,34.1,2569,20.1,891,7,1842,14.4,1052,8.2,83.7
34238,103,0.7,338,2.2,3093,19.8,2996,19.2,1166,7.5,3997,25.6,3945,25.2,97.2
34239,489,4.3,365,3.2,2736,23.8,2203,19.2,911,7.9,2942,25.6,1830,15.9,92.6
34240,245,2.9,293,3.5,2232,26.6,1725,20.6,598,7.1,1777,21.2,1510,18,93.6
34241,210,1.9,358,3.3,2745,25.3,2286,21.1,981,9.1,2558,23.6,1695,15.6,94.8
34242,53,0.8,96,1.5,1053,15.9,1115,16.9,511,7.7,2033,30.8,1745,26.4,97.7
34243,528,2.3,861,3.8,6094,26.9,4915,21.7,1995,8.8,4987,22,3302,14.6,93.9
34251,242,6.3,371,9.7,1673,43.9,622,16.3,188,4.9,442,11.6,274,7.2,83.9
34266,3707,17.8,3058,14.7,8454,40.6,2947,14.1,882,4.2,1203,5.8,595,2.9,67.5
34268,0,0,0,0,51,100,0,0,0,0,0,0,0,0,100
34269,116,3.2,349,9.8,1443,40.3,795,22.2,219,6.1,502,14,155,4.3,87
34275,224,1.5,484,3.3,4761,32.1,2946,19.9,1674,11.3,2790,18.8,1958,13.2,95.2
34285,300,1.8,522,3.1,5198,30.7,3653,21.5,1232,7.3,3338,19.7,2715,16,95.2
34286,384,2.8,872,6.3,5638,41,3244,23.6,1578,11.5,1706,12.4,333,2.4,90.9
34287,754,3.6,1581,7.6,8582,41.1,4093,19.6,1982,9.5,2550,12.2,1360,6.5,88.8
34288,0,0,320,4.3,2472,32.8,2503,33.3,653,8.7,963,12.8,615,8.2,95.7
34289,54,3.2,33,2,216,12.8,375,22.2,473,28,339,20.1,199,11.8,94.8
34291,126,3.2,219,5.5,1563,39.2,834,20.9,434,10.9,557,14,252,6.3,91.3
34292,100,0.7,372,2.8,3588,26.9,2789,20.9,931,7,3330,24.9,2238,16.8,96.5
34293,467,1.6,1706,5.7,9533,32,6866,23,2566,8.6,5551,18.6,3141,10.5,92.7
34420,654,6.2,1188,11.3,4310,41,2516,23.9,648,6.2,909,8.7,282,2.7,82.5
34428,254,3.5,950,13.2,2813,39.2,1384,19.3,685,9.5,742,10.3,355,4.9,83.2
34429,194,3.3,506,8.6,1982,33.7,1144,19.4,623,10.6,866,14.7,568,9.7,88.1
34431,211,3.6,493,8.5,2777,47.7,1201,20.6,214,3.7,588,10.1,335,5.8,87.9
34432,560,5.5,1125,11,3343,32.8,2379,23.3,936,9.2,1303,12.8,561,5.5,83.5
34433,93,2.1,433,9.8,1822,41.3,1059,24,349,7.9,429,9.7,231,5.2,88.1
34434,146,2.3,524,8.4,2304,36.9,1844,29.5,591,9.5,677,10.8,166,2.7,89.3
34436,363,5.8,738,11.7,2580,40.9,1665,26.4,309,4.9,421,6.7,233,3.7,82.5
34442,188,1.6,954,8,4642,38.7,2220,18.5,1063,8.9,1712,14.3,1206,10.1,90.5
34445,0,-,0,-,0,-,0,-,0,-,0,-,0,-,-
34446,586,4.2,1314,9.4,4828,34.5,3185,22.8,1271,9.1,2205,15.8,608,4.3,86.4
34448,495,6,808,9.8,3614,43.9,1840,22.3,617,7.5,599,7.3,266,3.2,84.2
34449,70,3.2,315,14.5,876,40.4,503,23.2,116,5.3,177,8.2,113,5.2,82.3
34450,281,3.3,870,10.2,3141,36.9,1754,20.6,745,8.7,971,11.4,760,8.9,86.5
34452,311,3.6,965,11.2,3560,41.3,2014,23.4,653,7.6,697,8.1,413,4.8,85.2
34453,322,4,786,9.9,2818,35.4,2097,26.4,671,8.4,676,8.5,582,7.3,86.1
34461,218,2.7,841,10.4,2712,33.4,1962,24.2,710,8.8,1131,13.9,538,6.6,86.9
34465,444,3.3,1152,8.5,4870,36.1,3356,24.9,969,7.2,1865,13.8,847,6.3,88.2
34470,691,5.2,962,7.3,5155,39,3386,25.6,1204,9.1,1377,10.4,448,3.4,87.5
34471,593,3.4,1198,6.9,5125,29.6,3588,20.7,1721,9.9,3290,19,1795,10.4,89.7
34472,882,4.7,1608,8.5,7320,38.8,4208,22.3,2189,11.6,1747,9.3,892,4.7,86.8
34473,403,2.9,1704,12.2,4769,34.1,3316,23.7,1168,8.4,1912,13.7,699,5,84.9
34474,344,3.1,786,7.2,3444,31.4,2459,22.4,1359,12.4,1523,13.9,1042,9.5,89.7
34475,487,5.7,1407,16.4,3512,41,1804,21.1,461,5.4,542,6.3,350,4.1,77.9
34476,412,2.2,1433,7.8,6366,34.6,4608,25,1527,8.3,2805,15.2,1259,6.8,90
34479,290,3.1,780,8.2,4194,44.3,2163,22.9,852,9,873,9.2,309,3.3,88.7
34480,396,3.2,556,4.4,4647,37,2832,22.5,1082,8.6,1663,13.2,1384,11,92.4
34481,582,3.5,1383,8.4,4749,28.7,3940,23.8,1850,11.2,2561,15.5,1479,8.9,88.1
34482,850,4.8,2444,13.7,6575,36.8,3314,18.6,1742,9.8,2010,11.3,909,5.1,81.5
34484,128,5.3,103,4.2,686,28.2,718,29.5,347,14.3,372,15.3,77,3.2,90.5
34488,396,5.2,1070,13.9,3262,42.5,1527,19.9,751,9.8,528,6.9,143,1.9,80.9
34491,944,4.3,1887,8.5,8887,40.1,4359,19.7,1790,8.1,2859,12.9,1420,6.4,87.2
34498,3,0.6,49,10.1,162,33.5,96,19.9,38,7.9,98,20.3,37,7.7,89.2
34601,697,4.4,1742,11.1,5994,38.2,3170,20.2,1409,9,1781,11.3,902,5.7,84.5
34602,193,3.7,479,9.1,1826,34.6,1068,20.3,576,10.9,782,14.8,347,6.6,87.3
34604,317,4.1,837,10.9,2983,38.9,1702,22.2,613,8,766,10,450,5.9,85
34606,733,3.6,1839,9,7385,36.2,4922,24.1,2203,10.8,2311,11.3,1012,5,87.4
34607,123,1.7,619,8.7,2398,33.9,1874,26.5,656,9.3,932,13.2,481,6.8,89.5
34608,900,3.8,2162,9.2,9329,39.8,5271,22.5,2774,11.8,1966,8.4,1024,4.4,86.9
34609,1005,3.6,2126,7.7,8656,31.4,6917,25.1,3689,13.4,3488,12.6,1714,6.2,88.7
34610,311,3.3,1127,11.9,3622,38.4,2165,22.9,1008,10.7,747,7.9,459,4.9,84.8
34613,481,3.3,1494,10.3,5556,38.3,3459,23.8,1197,8.3,1486,10.2,833,5.7,86.4
34614,116,2.3,429,8.6,2018,40.4,1227,24.5,496,9.9,500,10,214,4.3,89.1
34637,196,3.3,656,11,1445,24.3,1245,20.9,621,10.4,1211,20.3,584,9.8,85.7
34638,120,0.8,720,4.7,3309,21.5,3142,20.4,2275,14.8,3740,24.3,2070,13.5,94.5
34639,574,3.1,964,5.2,4092,22.3,3830,20.8,2738,14.9,4166,22.7,2007,10.9,91.6
34652,813,4.5,1615,8.9,6924,38.3,3790,21,1927,10.7,1913,10.6,1101,6.1,86.6
34653,1128,4.5,2184,8.7,9323,37.2,5729,22.8,3192,12.7,2414,9.6,1120,4.5,86.8
34654,494,3,1631,9.8,5649,33.8,3829,22.9,1751,10.5,2024,12.1,1315,7.9,87.3
34655,622,2.2,1087,3.8,8630,29.9,6644,23.1,3310,11.5,5605,19.5,2919,10.1,94.1
34661,0,0,0,0,45,60.8,0,0,7,9.5,0,0,22,29.7,100
34667,814,3.1,2746,10.5,9790,37.3,5830,22.2,2439,9.3,3159,12,1493,5.7,86.4
34668,1368,4.2,3419,10.4,12557,38.2,7902,24,3713,11.3,2750,8.4,1163,3.5,85.4
34669,305,3.4,757,8.5,3610,40.4,2019,22.6,808,9,1097,12.3,350,3.9,88.1
34677,477,3.1,589,3.8,4317,27.7,3353,21.5,1316,8.4,3654,23.4,1896,12.2,93.2
34679,0,0,0,0,47,74.6,6,9.5,0,0,5,7.9,5,7.9,100
34681,2,0.3,23,3.1,194,26.2,99,13.4,0,0,260,35.1,162,21.9,96.6
34683,499,2.1,909,3.8,5461,22.9,5402,22.7,2942,12.4,5990,25.2,2595,10.9,94.1
34684,182,0.8,814,3.6,6499,28.8,5143,22.8,2706,12,4864,21.6,2330,10.3,95.6
34685,237,1.8,246,1.9,2795,21.4,2459,18.9,1096,8.4,3873,29.7,2328,17.9,96.3
34688,211,3.8,125,2.3,1152,20.9,1046,19,596,10.8,1604,29.1,781,14.2,93.9
34689,909,4.2,1757,8.2,6747,31.4,3862,18,2565,11.9,3827,17.8,1820,8.5,87.6
34690,534,5.6,849,8.9,4376,46,1558,16.4,1075,11.3,751,7.9,361,3.8,85.4
34691,853,5.9,1127,7.8,5859,40.5,2837,19.6,1363,9.4,1838,12.7,590,4.1,86.3
34695,215,1.6,601,4.4,3301,24,2753,20,1422,10.3,3433,25,2026,14.7,94.1
34698,1056,3.5,1555,5.1,9173,30.2,6651,21.9,2729,9,6251,20.6,2989,9.8,91.4
34705,110,5.6,260,13.3,743,38.1,497,25.5,185,9.5,140,7.2,17,0.9,81
34711,988,2.6,1812,4.7,10053,26.3,9623,25.2,4481,11.7,7459,19.5,3795,9.9,92.7
34714,510,4,1023,8.1,3508,27.8,3023,23.9,1579,12.5,2460,19.5,522,4.1,87.9
34715,648,5.7,1152,10.2,2971,26.3,2505,22.2,1364,12.1,1824,16.2,828,7.3,84.1
34731,202,2.5,880,10.7,3188,38.9,1781,21.8,826,10.1,803,9.8,507,6.2,86.8
34734,131,4.8,187,6.9,851,31.4,453,16.7,204,7.5,610,22.5,275,10.1,88.3
34736,1096,9.8,1006,9,4156,37.1,2212,19.7,719,6.4,1571,14,456,4.1,81.3
34737,59,3.1,106,5.5,543,28.4,473,24.8,180,9.4,321,16.8,228,11.9,91.4
34739,16,5.4,60,20.2,86,29,0,0,66,22.2,69,23.2,0,0,74.4
34741,1790,6,3345,11.2,9891,33.2,7657,25.7,2804,9.4,3148,10.6,1159,3.9,82.8
34743,2201,8.5,2795,10.8,9383,36.4,5725,22.2,2190,8.5,2538,9.8,936,3.6,80.6
34744,2140,6.5,2625,7.9,9790,29.5,8032,24.2,3676,11.1,4740,14.3,2171,6.5,85.6
34746,1309,5,1934,7.4,8219,31.3,6799,25.9,3053,11.6,3716,14.1,1255,4.8,87.7
34747,248,2.2,118,1,2585,22.8,2193,19.4,969,8.6,3071,27.1,2130,18.8,96.8
34748,822,2.6,2669,8.6,11699,37.6,7028,22.6,2605,8.4,3794,12.2,2526,8.1,88.8
34753,486,13.6,638,17.9,1370,38.5,625,17.6,209,5.9,163,4.6,70,2,68.4
34756,119,5.1,167,7.2,713,30.8,507,21.9,200,8.6,393,17,214,9.3,87.6
34758,1236,5.4,2071,9,9906,43,4581,19.9,2084,9,2454,10.6,732,3.2,85.7
34759,1557,6.7,1928,8.3,6453,27.8,5160,22.2,2176,9.4,4222,18.2,1741,7.5,85
34760,0,0,80,12.7,220,34.8,153,24.2,60,9.5,79,12.5,40,6.3,87.3
34761,1885,6.9,1896,6.9,7504,27.4,5240,19.1,3167,11.5,4970,18.1,2771,10.1,86.2
34762,36,11.3,36,11.3,141,44.2,52,16.3,15,4.7,11,3.4,28,8.8,77.4
34769,1017,6.3,1358,8.3,6309,38.8,3859,23.7,1434,8.8,1682,10.3,612,3.8,85.4
34771,259,2.8,557,6,3500,37.5,2084,22.4,1079,11.6,1318,14.1,526,5.6,91.2
34772,806,4.2,1369,7.2,6092,32,4630,24.3,2089,11,3041,16,990,5.2,88.6
34785,929,4,2133,9.1,7814,33.4,4550,19.5,1914,8.2,3420,14.6,2632,11.3,86.9
34786,485,2,330,1.4,2560,10.6,3362,14,2468,10.3,10175,42.3,4692,19.5,96.6
34787,1643,4.5,2166,6,9432,26,6376,17.6,3395,9.4,8545,23.6,4652,12.8,89.5
34788,389,2.7,992,7,5680,39.9,3834,26.9,1174,8.2,1478,10.4,684,4.8,90.3
34797,0,0,11,1.6,191,27,159,22.5,141,19.9,73,10.3,133,18.8,98.4
34945,115,2.8,1105,26.7,1121,27.1,802,19.4,430,10.4,392,9.5,167,4,70.5
34946,343,7.4,602,13,1509,32.5,949,20.5,536,11.6,435,9.4,264,5.7,79.6
34947,660,8.8,963,12.9,3086,41.2,1220,16.3,827,11,499,6.7,238,3.2,78.3
34949,41,0.6,173,2.6,1356,20.2,1702,25.3,800,11.9,1389,20.7,1258,18.7,96.8
34950,1559,15.9,1362,13.9,3534,36.1,1486,15.2,894,9.1,755,7.7,194,2,70.1
34951,368,3,1074,8.7,5077,41,2596,21,1415,11.4,1098,8.9,751,6.1,88.4
34952,1329,4.4,2442,8,10657,35,7248,23.8,3086,10.1,3642,12,2049,6.7,87.6
34953,2243,5.2,4289,9.9,13805,31.8,9966,23,4997,11.5,5495,12.7,2567,5.9,84.9
34956,1856,29.4,773,12.3,1938,30.7,841,13.3,341,5.4,345,5.5,214,3.4,58.3
34957,138,0.8,926,5.1,5865,32,3941,21.5,1848,10.1,3425,18.7,2178,11.9,94.2
34972,2344,17.8,2287,17.4,4665,35.5,2144,16.3,478,3.6,800,6.1,437,3.3,64.8
34974,1545,9.2,2041,12.2,6773,40.3,3067,18.3,1349,8,1439,8.6,584,3.5,78.7
34981,291,7.9,186,5,1533,41.4,798,21.5,212,5.7,391,10.6,293,7.9,87.1
34982,1600,9.2,1897,10.9,6325,36.5,3335,19.2,1738,10,1604,9.3,831,4.8,79.8
34983,1387,4.9,2160,7.6,9981,35,6663,23.4,3406,11.9,3344,11.7,1572,5.5,87.6
34984,666,6.3,716,6.8,3484,33.2,2692,25.7,863,8.2,1281,12.2,793,7.6,86.8
34986,681,3.6,849,4.5,4823,25.5,3856,20.4,2408,12.7,4021,21.2,2301,12.1,91.9
34987,118,2.3,187,3.7,1046,20.7,1587,31.4,541,10.7,931,18.4,648,12.8,94
34990,236,1.1,907,4.2,4327,20,4770,22,2084,9.6,5673,26.2,3683,17,94.7
34994,612,4.9,913,7.3,3121,25,3496,28,1418,11.3,1837,14.7,1109,8.9,87.8
34996,81,0.9,306,3.2,2161,22.7,2269,23.9,810,8.5,2198,23.1,1687,17.7,95.9
34997,1629,5,1928,5.9,9737,29.9,7631,23.4,3488,10.7,5449,16.7,2681,8.2,89.1
32003,268,1.4,342,1.7,3724,18.9,4160,21.1,2806,14.2,5781,29.3,2641,13.4,96.9
32008,324,8.2,528,13.3,1752,44.1,837,21.1,353,8.9,155,3.9,23,0.6,78.5
32009,65,2.9,229,10.3,901,40.3,528,23.6,231,10.3,219,9.8,60,2.7,86.8
32011,249,2.6,1082,11.2,4312,44.8,2252,23.4,740,7.7,713,7.4,285,3,86.2
32024,650,4.9,1013,7.7,4848,36.9,3156,24,1416,10.8,1365,10.4,688,5.2,87.3
32025,553,3.6,1680,10.9,5457,35.5,3882,25.3,1333,8.7,1377,9,1080,7,85.5
32026,128,8.3,696,45.1,481,31.2,157,10.2,38,2.5,29,1.9,15,1,46.6
32033,117,3.5,237,7.2,1126,34.1,713,21.6,356,10.8,469,14.2,283,8.6,89.3
32034,646,2.5,879,3.4,6630,25.7,5740,22.2,2119,8.2,5989,23.2,3802,14.7,94.1
32038,279,4.2,597,9.1,2358,35.9,1820,27.7,590,9,429,6.5,501,7.6,86.7
32040,129,2.7,331,7,2342,49.9,936,19.9,376,8,497,10.6,87,1.9,90.2
32043,915,5.3,1343,7.7,5773,33.3,4295,24.8,1533,8.8,2291,13.2,1192,6.9,87
32044,40,2.8,288,20.1,370,25.8,210,14.6,342,23.8,167,11.6,17,1.2,77.1
32046,322,5.1,524,8.3,2976,46.9,1649,26,404,6.4,363,5.7,109,1.7,86.7
32052,320,4.9,1295,19.7,2694,41.1,1319,20.1,404,6.2,383,5.8,145,2.2,75.4
32053,208,9.4,409,18.4,673,30.3,497,22.4,100,4.5,256,11.5,78,3.5,72.2
32054,515,6.2,1474,17.7,3404,40.9,1667,20.1,573,6.9,498,6,183,2.2,76.1
32055,657,5.5,1095,9.2,4220,35.5,2928,24.6,1107,9.3,1297,10.9,590,5,85.3
32058,288,9,607,18.9,1319,41.1,572,17.8,199,6.2,165,5.1,57,1.8,72.1
32059,44,2.5,158,9.1,532,30.6,554,31.8,246,14.1,155,8.9,51,2.9,88.4
32060,812,5,2526,15.5,6547,40.1,3371,20.6,934,5.7,1586,9.7,570,3.5,79.6
32061,82,42.9,0,0,70,36.6,18,9.4,21,11,0,0,0,0,57.1
32062,34,1.8,182,9.5,935,48.7,293,15.3,147,7.7,210,10.9,117,6.1,88.7
32063,627,6.7,1071,11.4,3396,36.2,2050,21.9,836,8.9,903,9.6,491,5.2,81.9
32064,399,8.5,1023,21.9,1596,34.2,813,17.4,328,7,383,8.2,131,2.8,69.6
32065,577,2.4,1237,5.2,6664,28.1,5398,22.8,2955,12.5,4892,20.6,1968,8.3,92.3
32066,513,9.9,886,17,1951,37.5,881,16.9,235,4.5,364,7,373,7.2,73.1
32068,1190,3.4,2721,7.8,12617,36.1,9227,26.4,3486,10,4119,11.8,1551,4.4,88.8
32071,123,5.6,178,8,1010,45.6,505,22.8,138,6.2,238,10.7,24,1.1,86.4
32072,0,0,0,0,93,57.8,52,32.3,0,0,16,9.9,0,0,100
32073,549,2,1451,5.4,8350,31,7135,26.5,3590,13.3,4140,15.4,1729,6.4,92.6
32079,19,5.1,32,8.7,87,23.6,19,5.1,28,7.6,93,25.2,91,24.7,86.2
32080,174,1,357,2,3156,17.7,3921,22,1513,8.5,4733,26.5,3981,22.3,97
32081,0,0,36,0.6,765,12.2,1182,18.9,496,7.9,2297,36.7,1484,23.7,99.4
32082,188,0.8,222,1,2778,12,4267,18.4,1963,8.5,8175,35.3,5571,24.1,98.2
32083,193,6.4,765,25.3,1133,37.5,581,19.3,187,6.2,109,3.6,50,1.7,68.3
32084,942,4.1,1650,7.1,7321,31.6,5564,24,1866,8.1,3864,16.7,1943,8.4,88.8
32086,383,1.9,980,4.8,5441,26.4,5664,27.5,2302,11.2,4060,19.7,1750,8.5,93.4
32087,239,6.7,798,22.3,1523,42.6,528,14.8,199,5.6,200,5.6,88,2.5,71
32091,639,6.2,1382,13.3,3515,33.9,2451,23.6,1112,10.7,899,8.7,380,3.7,80.5
32092,217,1,609,2.9,4018,19.1,4703,22.4,1865,8.9,6886,32.8,2719,12.9,96.1
32094,133,7.2,275,14.9,779,42.2,252,13.7,217,11.8,166,9,23,1.2,77.9
32095,28,0.5,457,8,1455,25.6,956,16.8,682,12,1333,23.4,780,13.7,91.5
32096,88,5.5,234,14.6,634,39.5,260,16.2,136,8.5,127,7.9,126,7.9,79.9
32097,447,3.8,618,5.3,4588,39.2,2628,22.5,1281,10.9,1563,13.4,576,4.9,90.9
32102,133,7.7,241,14,614,35.7,402,23.3,136,7.9,168,9.8,28,1.6,78.3
32110,196,3.6,850,15.5,2442,44.6,1091,19.9,387,7.1,387,7.1,119,2.2,80.9
32112,675,13.1,1061,20.6,1815,35.2,963,18.7,243,4.7,269,5.2,135,2.6,66.4
32113,267,6.7,608,15.3,1890,47.7,659,16.6,202,5.1,229,5.8,111,2.8,77.9
32114,800,4,2036,10.1,7268,36,4847,24,2022,10,2156,10.7,1040,5.2,85.9
32117,974,5.5,2165,12.2,7048,39.6,3325,18.7,1879,10.6,1657,9.3,759,4.3,82.4
32118,350,2.4,862,6,4135,28.7,3495,24.3,1086,7.5,2798,19.4,1677,11.6,91.6
32119,360,2.2,1280,7.9,5470,33.9,4196,26,1533,9.5,2257,14,1050,6.5,89.8
32124,167,4.1,398,9.7,1488,36.4,541,13.2,468,11.4,638,15.6,392,9.6,86.2
32127,488,2.1,1944,8.4,7702,33.2,5000,21.6,2256,9.7,3709,16,2085,9,89.5
32128,207,1.5,865,6.4,2807,20.7,2819,20.8,1555,11.5,3118,23,2167,16,92.1
32129,364,2.4,1081,7.1,5183,34,3772,24.8,1755,11.5,2285,15,790,5.2,90.5
32130,331,8.7,585,15.3,1070,28.1,794,20.8,295,7.7,499,13.1,240,6.3,76
32131,218,6.1,386,10.8,1338,37.5,792,22.2,214,6,363,10.2,255,7.2,83.1
32132,137,2.5,388,7,2075,37.6,1608,29.1,593,10.7,416,7.5,301,5.5,90.5
32133,0,0,0,0,14,17.1,33,40.2,35,42.7,0,0,0,0,100
32134,291,5.1,930,16.2,2467,43,1045,18.2,450,7.8,261,4.5,298,5.2,78.7
32136,106,1.6,306,4.7,1981,30.6,1310,20.2,711,11,1280,19.7,789,12.2,93.6
32137,761,2.5,1522,4.9,9709,31.5,7803,25.3,2770,9,5228,17,3020,9.8,92.6
32139,93,10.6,129,14.7,335,38.1,220,25,50,5.7,31,3.5,22,2.5,74.8
32140,31,4.5,176,25.3,277,39.8,94,13.5,44,6.3,66,9.5,8,1.1,70.3
32141,367,2.6,1008,7.2,5600,39.8,3590,25.5,1446,10.3,1189,8.4,880,6.3,90.2
32145,195,5,570,14.7,1462,37.6,907,23.3,276,7.1,295,7.6,183,4.7,80.3
32147,0,0,13,6.4,71,35.1,56,27.7,22,10.9,40,19.8,0,0,93.6
32148,694,9.7,1068,15,2917,40.9,1482,20.8,431,6,365,5.1,172,2.4,75.3
32157,0,0,57,23.3,131,53.5,29,11.8,7,2.9,7,2.9,14,5.7,76.7
32159,453,1.7,1817,6.9,9168,34.6,5905,22.3,2220,8.4,3961,15,2935,11.1,91.4
32162,534,1,1397,2.6,14165,26.1,12672,23.4,4308,7.9,12303,22.7,8880,16.4,96.4
32164,827,2.5,2278,6.9,11253,34.2,8670,26.4,3175,9.7,4363,13.3,2335,7.1,90.6
32168,341,1.7,1587,8.1,6945,35.2,4683,23.8,1763,8.9,2964,15,1423,7.2,90.2
32169,80,0.8,280,2.9,1960,20.6,2189,23,1003,10.5,2376,24.9,1642,17.2,96.2
32174,813,2.1,1746,4.5,11487,29.9,9608,25,3569,9.3,6747,17.6,4465,11.6,93.3
32176,302,2.5,602,4.9,3513,28.7,2897,23.7,1019,8.3,2285,18.7,1625,13.3,92.6
32177,1065,6.1,2436,13.9,6716,38.3,3353,19.1,1314,7.5,1857,10.6,785,4.5,80
32179,226,4.1,683,12.4,2587,47,1327,24.1,283,5.1,142,2.6,252,4.6,83.5
32180,291,11.6,345,13.8,724,28.9,625,25,226,9,181,7.2,109,4.4,74.6
32181,92,5.8,281,17.6,656,41.1,301,18.9,104,6.5,84,5.3,78,4.9,76.6
32187,109,8.2,204,15.4,535,40.4,287,21.7,136,10.3,16,1.2,36,2.7,76.3
32189,377,7.9,614,12.9,2015,42.4,948,19.9,243,5.1,388,8.2,167,3.5,79.1
32190,100,13.1,146,19.1,319,41.6,60,7.8,28,3.7,86,11.2,27,3.5,67.9
32193,34,4.7,116,16,260,35.9,109,15,65,9,66,9.1,75,10.3,79.3
32195,75,2.9,195,7.5,1172,45.1,473,18.2,395,15.2,238,9.2,49,1.9,89.6
32202,224,4.6,943,19.6,1341,27.8,1125,23.3,247,5.1,537,11.1,402,8.3,75.8
32204,274,4.9,388,6.9,1296,23.1,933,16.6,463,8.3,1466,26.2,784,14,88.2
32205,679,3.3,1925,9.4,5295,26,4956,24.3,1792,8.8,3453,16.9,2301,11.3,87.2
32206,743,6.6,1744,15.4,4013,35.4,2643,23.3,428,3.8,1201,10.6,559,4.9,78.1
32207,1322,5.5,1984,8.2,5959,24.7,5136,21.3,2137,8.8,5006,20.7,2614,10.8,86.3
32208,666,3.1,3216,15,8449,39.3,4744,22.1,1577,7.3,2008,9.3,845,3.9,81.9
32209,1024,4.8,3551,16.8,9353,44.2,3991,18.8,1280,6,1479,7,499,2.4,78.4
32210,1658,4.1,3677,9.1,12760,31.5,10390,25.6,4018,9.9,5774,14.2,2286,5.6,86.8
32211,808,3.7,2437,11.3,7029,32.5,6006,27.8,1963,9.1,2541,11.7,842,3.9,85
32212,0,0,20,2.1,406,42.9,118,12.5,194,20.5,204,21.6,4,0.4,97.9
32216,646,2.4,2434,9.1,7382,27.7,5475,20.6,2459,9.2,6255,23.5,1958,7.4,88.4
32217,816,6,1157,8.5,3031,22.2,2971,21.7,1261,9.2,2962,21.7,1473,10.8,85.6
32218,1104,3,3320,9,11770,32.1,9087,24.8,4152,11.3,5330,14.5,1943,5.3,87.9
32219,395,4.9,1163,14.4,2439,30.1,2154,26.6,791,9.8,802,9.9,356,4.4,80.8
32220,320,3.5,822,9.1,3876,42.8,1621,17.9,938,10.4,1044,11.5,437,4.8,87.4
32221,587,2.9,2131,10.7,7281,36.5,4675,23.5,1894,9.5,2543,12.8,824,4.1,86.4
32222,122,1.9,539,8.2,1778,27,1798,27.3,1048,15.9,933,14.2,365,5.5,90
32223,284,1.6,648,3.6,3783,20.8,4173,22.9,1743,9.6,4766,26.2,2800,15.4,94.9
32224,400,1.6,881,3.5,4541,17.9,4684,18.5,2581,10.2,8340,32.9,3950,15.6,95
32225,710,1.9,1513,4.1,10037,27,8429,22.6,4518,12.1,8282,22.2,3746,10.1,94
32226,312,3,821,7.9,2967,28.6,2555,24.6,1066,10.3,1808,17.4,856,8.2,89.1
32227,0,0,17,2.3,246,33,258,34.6,52,7,117,15.7,56,7.5,97.7
32228,0,0,0,0,25,26.9,55,59.1,0,0,13,14,0,0,100
32233,473,2.8,1088,6.3,4787,27.9,3564,20.8,1749,10.2,3486,20.3,2001,11.7,90.9
32234,288,6.8,502,11.9,1966,46.5,863,20.4,241,5.7,300,7.1,70,1.7,81.3
32244,1283,3.4,3287,8.7,10987,29.1,10291,27.3,4384,11.6,5631,14.9,1875,5,87.9
32246,1342,3.9,2586,7.5,8954,25.9,7688,22.2,3773,10.9,7659,22.1,2636,7.6,88.7
32250,131,0.6,564,2.8,3964,19.6,4349,21.4,2040,10.1,5838,28.8,3390,16.7,96.6
32254,529,6.4,1584,19.2,3241,39.3,1787,21.7,683,8.3,345,4.2,74,0.9,74.4
32256,362,1.2,981,3.3,5069,16.9,6467,21.6,2112,7.1,8910,29.8,6021,20.1,95.5
32257,741,2.7,982,3.6,7026,26.1,6203,23,2708,10,6491,24.1,2820,10.5,93.6
32258,417,2,525,2.5,3399,16.4,4668,22.5,2275,11,6240,30.1,3237,15.6,95.5
32259,271,0.9,574,2,5134,17.8,5364,18.6,2984,10.4,9750,33.9,4717,16.4,97.1
32266,22,0.4,73,1.4,850,16.8,1072,21.2,649,12.8,1422,28.1,977,19.3,98.1
32277,537,2.9,969,5.2,5567,30,4852,26.1,2231,12,3395,18.3,1020,5.5,91.9
32301,516,3,773,4.5,3042,17.6,3504,20.2,1897,11,4298,24.8,3289,19,92.6
32303,359,1.2,1569,5.3,5757,19.4,6470,21.8,3194,10.7,7799,26.2,4576,15.4,93.5
32304,840,6.2,1572,11.5,3099,22.8,2863,21,1522,11.2,2206,16.2,1511,11.1,82.3
32305,591,4.9,1470,12.1,3930,32.4,2965,24.4,1047,8.6,1368,11.3,758,6.2,83
32308,266,1.6,547,3.4,2470,15.2,2762,17,1124,6.9,4327,26.7,4725,29.1,95
32309,152,0.7,378,1.7,3051,14,3885,17.8,1926,8.8,6892,31.6,5514,25.3,97.6
32310,401,4.3,1031,11,3139,33.4,1995,21.2,713,7.6,1243,13.2,878,9.3,84.8
32311,331,2.4,440,3.1,2597,18.5,2677,19.1,1066,7.6,3670,26.1,3268,23.3,94.5
32312,134,0.6,531,2.4,2316,10.6,3716,17,1757,8.1,7262,33.3,6084,27.9,96.9
32317,123,1.3,256,2.6,1413,14.4,1655,16.9,980,10,3118,31.9,2244,22.9,96.1
32320,176,6.7,380,14.6,846,32.4,634,24.3,131,5,255,9.8,187,7.2,78.7
32321,314,7.7,665,16.2,1887,46,662,16.1,148,3.6,207,5,220,5.4,76.1
32322,289,8.4,472,13.8,1454,42.5,532,15.5,279,8.1,303,8.8,95,2.8,77.8
32323,16,5.7,63,22.5,129,46.1,18,6.4,21,7.5,6,2.1,27,9.6,71.8
32324,273,7.7,695,19.6,1193,33.7,758,21.4,202,5.7,265,7.5,152,4.3,72.6
32327,601,3.1,1843,9.4,7212,36.8,4743,24.2,1900,9.7,2244,11.5,1049,5.4,87.5
32328,102,4.4,315,13.7,650,28.3,535,23.3,155,6.8,319,13.9,219,9.5,81.8
32330,69,16.9,28,6.9,158,38.7,96,23.5,0,0,44,10.8,13,3.2,76.2
32331,210,7.2,335,11.5,1100,37.6,525,17.9,359,12.3,206,7,190,6.5,81.4
32332,53,4.6,235,20.5,466,40.7,230,20.1,34,3,97,8.5,31,2.7,74.9
32333,360,4.6,859,11,2552,32.7,1495,19.2,737,9.5,1079,13.8,714,9.2,84.4
32334,70,4.6,127,8.3,732,47.8,269,17.6,57,3.7,220,14.4,55,3.6,87.1
32336,68,5.8,129,11,314,26.8,234,19.9,165,14.1,206,17.6,57,4.9,83.2
32340,407,5,1034,12.8,3224,40,1748,21.7,604,7.5,610,7.6,441,5.5,82.1
32343,42,2.2,113,6,583,31.2,479,25.6,150,8,315,16.8,189,10.1,91.7
32344,571,5.9,1414,14.7,3311,34.5,1778,18.5,769,8,1042,10.9,716,7.5,79.3
32346,28,1.9,134,9.1,589,39.9,395,26.7,81,5.5,192,13,58,3.9,89
32347,333,6.2,518,9.6,2163,40,1139,21.1,632,11.7,497,9.2,121,2.2,84.2
32348,497,5.4,1779,19.2,3879,42,1770,19.1,451,4.9,422,4.6,445,4.8,75.4
32350,56,6.3,104,11.6,321,35.9,223,24.9,119,13.3,43,4.8,29,3.2,82.1
32351,1012,7.9,2299,17.9,4750,37,2120,16.5,866,6.7,1130,8.8,653,5.1,74.2
32352,313,7.4,379,9,1634,38.8,864,20.5,143,3.4,575,13.7,302,7.2,83.6
32355,7,3.7,12,6.3,74,38.9,27,14.2,19,10,43,22.6,8,4.2,90
32356,0,0,14,11.2,85,68,26,20.8,0,0,0,0,0,0,88.8
32358,25,1.8,111,7.8,587,41.2,353,24.8,129,9.1,170,11.9,49,3.4,90.4
32359,123,9.2,147,11,515,38.6,278,20.8,206,15.4,18,1.3,47,3.5,79.8
32361,0,0,45,36,30,24,6,4.8,35,28,9,7.2,0,0,64
32399,0,-,0,-,0,-,0,-,0,-,0,-,0,-,-
32401,847,5.1,2047,12.3,5489,33,3922,23.6,1170,7,2133,12.8,1029,6.2,82.6
32403,14,1,15,1.1,171,12.7,282,20.9,231,17.1,405,30.1,229,17,97.8
32404,818,3.2,2602,10,8618,33.2,7314,28.2,2665,10.3,2497,9.6,1411,5.4,86.8
32405,638,2.9,1420,6.5,6742,30.9,5364,24.6,2589,11.9,3379,15.5,1678,7.7,90.6
32407,95,1.3,241,3.4,2173,30.3,1772,24.7,1024,14.3,1288,18,579,8.1,95.3
32408,133,1.2,481,4.2,2937,25.5,2839,24.7,1405,12.2,2443,21.2,1270,11,94.7
32409,408,5.9,730,10.6,2207,32,1763,25.5,782,11.3,783,11.3,230,3.3,83.5
32410,16,1.8,41,4.6,192,21.6,174,19.6,108,12.2,169,19,188,21.2,93.6
32413,207,1.9,895,8.1,2979,27,2325,21.1,1161,10.5,2485,22.5,990,9,90
32420,103,8.1,179,14,470,36.8,346,27.1,70,5.5,51,4,59,4.6,77.9
32421,311,9,322,9.3,1384,40,697,20.1,222,6.4,410,11.8,116,3.4,81.7
32423,28,3.8,63,8.5,245,33,202,27.2,96,12.9,76,10.2,33,4.4,87.8
32424,378,6.9,1175,21.4,2174,39.6,1123,20.5,244,4.4,289,5.3,106,1.9,71.7
32425,663,6.8,1407,14.4,3815,39.2,2180,22.4,503,5.2,692,7.1,478,4.9,78.7
32426,53,9.6,80,14.5,216,39.1,111,20.1,34,6.2,30,5.4,28,5.1,75.9
32427,88,11.1,122,15.3,313,39.4,143,18,42,5.3,44,5.5,43,5.4,73.6
32428,756,6.1,1834,14.8,4940,39.8,2738,22.1,646,5.2,942,7.6,558,4.5,79.1
32430,30,4.3,50,7.1,259,36.9,239,34,30,4.3,87,12.4,7,1,88.6
32431,143,5.1,402,14.4,1308,47,543,19.5,162,5.8,138,5,89,3.2,80.4
32432,0,0,22,47.8,0,0,24,52.2,0,0,0,0,0,0,52.2
32433,750,6.3,2244,18.9,4363,36.8,2569,21.7,888,7.5,718,6.1,328,2.8,74.8
32435,235,4.6,621,12.1,1867,36.4,1104,21.5,230,4.5,570,11.1,501,9.8,83.3
32437,20,3.2,90,14.2,381,60.3,115,18.2,11,1.7,15,2.4,0,0,82.6
32438,257,8.4,366,12,1376,45.2,817,26.8,65,2.1,163,5.4,0,0,79.5
32439,230,3.7,638,10.2,1632,26.2,1848,29.7,438,7,1024,16.4,415,6.7,86.1
32440,408,7.4,1116,20.2,1933,35,1145,20.7,351,6.4,301,5.5,266,4.8,72.4
32442,199,8.4,346,14.6,911,38.4,573,24.1,130,5.5,149,6.3,65,2.7,77
32443,78,3.7,303,14.4,728,34.5,543,25.7,142,6.7,193,9.1,123,5.8,81.9
32444,401,2.7,712,4.8,3663,24.5,3875,25.9,1374,9.2,2892,19.4,2022,13.5,92.5
32445,126,6,490,23.3,790,37.5,406,19.3,91,4.3,144,6.8,60,2.8,70.8
32446,536,6.3,596,7,2629,31,1828,21.5,808,9.5,1139,13.4,956,11.3,86.7
32447,0,-,0,-,0,-,0,-,0,-,0,-,0,-,-
32448,277,4.4,1127,17.8,2266,35.8,1500,23.7,464,7.3,361,5.7,330,5.2,77.8
32449,33,8,77,18.6,161,38.8,87,21,27,6.5,30,7.2,0,0,73.5
32455,271,8.8,646,21,977,31.7,684,22.2,137,4.4,212,6.9,154,5,70.2
32456,217,3.8,404,7,1892,32.9,1295,22.5,558,9.7,821,14.3,562,9.8,89.2
32459,114,1.1,529,5.1,1598,15.3,2930,28.1,895,8.6,3051,29.3,1302,12.5,93.8
32460,368,8.2,824,18.3,1760,39.1,994,22.1,183,4.1,242,5.4,128,2.8,73.5
32461,0,0,0,0,0,0,0,0,0,0,21,100,0,0,100
32462,162,6.5,220,8.9,1048,42.3,624,25.2,182,7.3,164,6.6,79,3.2,84.6
32463,14,11.1,19,15.1,54,42.9,30,23.8,9,7.1,0,0,0,0,73.8
32464,258,8.4,511,16.6,1147,37.2,766,24.9,79,2.6,293,9.5,26,0.8,75
32465,372,5.6,1158,17.5,2495,37.6,1581,23.8,309,4.7,650,9.8,66,1,76.9
32466,117,2.9,626,15.5,1709,42.4,765,19,565,14,167,4.1,81,2,81.6
32501,460,5.5,1025,12.3,2656,31.9,1558,18.7,939,11.3,1011,12.1,690,8.3,82.2
32502,76,3.5,148,6.8,658,30.3,384,17.7,352,16.2,358,16.5,198,9.1,89.7
32503,635,3.2,1159,5.9,4862,24.6,4402,22.3,1858,9.4,4245,21.5,2566,13,90.9
32504,241,1.6,717,4.8,3309,22.3,3922,26.4,1847,12.4,2925,19.7,1883,12.7,93.5
32505,754,4.1,2441,13.1,6974,37.5,3977,21.4,2077,11.2,1567,8.4,814,4.4,82.8
32506,641,2.7,1668,6.9,6516,27.1,6376,26.6,3940,16.4,3393,14.1,1471,6.1,90.4
32507,246,1.2,1318,6.5,5071,24.9,4772,23.4,3170,15.6,3616,17.8,2166,10.6,92.3
32508,3,0.3,0,0,128,11.4,420,37.3,113,10,397,35.3,65,5.8,99.7
32509,16,2.2,31,4.3,253,34.8,226,31.1,43,5.9,95,13.1,63,8.7,93.5
32511,0,0,0,0,26,23,67,59.3,0,0,20,17.7,0,0,100
32514,843,3.1,1430,5.2,7014,25.6,6440,23.5,3603,13.2,5405,19.8,2624,9.6,91.7
32526,859,3.3,1498,5.7,7424,28.2,5686,21.6,4911,18.7,4277,16.3,1632,6.2,91
32530,0,-,0,-,0,-,0,-,0,-,0,-,0,-,-
32531,133,3.6,352,9.6,1230,33.4,1112,30.2,300,8.2,259,7,294,8,86.8
32533,435,2.3,1424,7.5,5650,29.6,3864,20.2,2622,13.7,3610,18.9,1485,7.8,90.3
32534,261,2.6,495,4.9,2999,29.6,2145,21.2,2211,21.8,1577,15.6,440,4.3,92.5
32535,197,4.3,945,20.5,1920,41.7,717,15.6,473,10.3,267,5.8,81,1.8,75.2
32536,321,2.3,709,5.1,3655,26.2,3821,27.4,2013,14.4,2370,17,1057,7.6,92.6
32539,612,3.3,1581,8.5,5717,30.7,5317,28.6,2059,11.1,2379,12.8,934,5,88.2
32541,173,1.3,364,2.8,2696,20.6,3234,24.7,1202,9.2,3518,26.8,1931,14.7,95.9
32542,0,0,18,1.5,140,12,399,34.3,244,21,252,21.6,111,9.5,98.5
32544,0,0,6,1.2,49,9.9,204,41.1,88,17.7,80,16.1,69,13.9,98.8
32547,1281,5.5,1599,6.9,6029,25.9,6105,26.2,2192,9.4,3907,16.8,2193,9.4,87.6
32548,453,3,1144,7.6,4396,29.2,4039,26.8,1438,9.5,2151,14.3,1442,9.6,89.4
32550,59,1,246,4,803,13,1507,24.5,638,10.4,1978,32.1,930,15.1,95
32561,23,0.4,205,3.3,934,14.8,1285,20.4,497,7.9,1844,29.3,1502,23.9,96.4
32563,180,1,551,3.2,3946,22.9,4497,26.1,2230,12.9,3779,21.9,2060,11.9,95.8
32564,90,5,181,10.1,589,32.8,470,26.2,241,13.4,174,9.7,52,2.9,84.9
32565,180,4.6,251,6.4,1697,43.4,623,15.9,439,11.2,518,13.2,205,5.2,89
32566,421,1.8,1101,4.6,5486,23,5897,24.7,3866,16.2,4855,20.4,2222,9.3,93.6
32567,262,10.5,260,10.4,997,40,454,18.2,286,11.5,118,4.7,117,4.7,79.1
32568,72,3.3,160,7.4,918,42.6,432,20.1,307,14.3,172,8,93,4.3,89.2
32569,439,5.3,351,4.2,2364,28.3,2128,25.5,831,9.9,1413,16.9,827,9.9,90.5
32570,459,2.3,1589,7.8,6420,31.5,5450,26.8,2352,11.6,3056,15,1036,5.1,89.9
32571,410,1.9,1366,6.3,5964,27.7,4337,20.1,2933,13.6,4432,20.6,2114,9.8,91.8
32577,98,3.1,256,8.1,1007,32,737,23.4,465,14.8,475,15.1,109,3.5,88.8
32578,248,1.1,718,3.2,4432,19.6,4885,21.6,2268,10,5518,24.4,4579,20.2,95.7
32579,188,2.5,286,3.8,1639,21.9,1772,23.7,687,9.2,1640,21.9,1262,16.9,93.7
32580,0,0,144,5.1,721,25.7,931,33.2,240,8.6,339,12.1,432,15.4,94.9
32583,1013,4.7,3365,15.7,6636,30.9,4822,22.4,1796,8.4,2474,11.5,1389,6.5,79.6
32601,277,3.1,349,3.9,1922,21.2,1645,18.2,745,8.2,1881,20.8,2238,24.7,93.1
32603,0,0,72,5.2,95,6.9,161,11.7,51,3.7,302,21.9,699,50.7,94.8
32605,269,1.6,205,1.2,2757,16.6,2800,16.8,1415,8.5,4053,24.4,5134,30.9,97.2
32606,265,1.6,457,2.8,2067,12.7,2816,17.3,1617,9.9,4415,27,4686,28.7,95.6
32607,474,3.1,598,3.9,3120,20.6,2881,19,1377,9.1,3659,24.1,3049,20.1,92.9
32608,632,2.3,1007,3.6,4400,15.7,4224,15.1,2599,9.3,7465,26.7,7673,27.4,94.1
32609,1111,9.3,1038,8.7,3583,30,2647,22.1,1037,8.7,1490,12.5,1050,8.8,82
32612,0,0,0,0,0,0,0,0,0,0,0,0,6,100,100
32615,116,1.1,454,4.4,2510,24.4,2487,24.2,1425,13.9,2253,21.9,1023,10,94.4
32616,23,3.7,78,12.5,327,52.4,51,8.2,43,6.9,86,13.8,16,2.6,83.8
32617,105,3.3,367,11.7,1184,37.7,623,19.8,461,14.7,185,5.9,216,6.9,85
32618,220,3.9,401,7.1,1637,29,1019,18.1,765,13.6,886,15.7,713,12.6,89
32619,248,8,295,9.5,1137,36.7,749,24.2,316,10.2,242,7.8,112,3.6,82.5
32621,219,5.5,796,19.9,1497,37.4,846,21.1,345,8.6,243,6.1,60,1.5,74.7
32622,20,2.4,139,17,398,48.7,109,13.3,63,7.7,76,9.3,13,1.6,80.6
32625,3,0.3,81,6.8,443,37.1,221,18.5,121,10.1,177,14.8,149,12.5,93
32626,444,7.5,932,15.7,2432,41,1132,19.1,496,8.4,348,5.9,147,2.5,76.8
32628,294,7.9,669,17.9,1648,44.1,733,19.6,155,4.1,147,3.9,89,2.4,74.2
32631,0,0,0,0,22,5.2,117,27.5,57,13.4,57,13.4,172,40.5,100
32639,0,0,0,0,18,66.7,9,33.3,0,0,0,0,0,0,100
32640,268,3.2,946,11.4,3117,37.5,1868,22.5,815,9.8,754,9.1,534,6.4,85.4
32641,252,2.8,1264,14,3431,38,2156,23.9,741,8.2,825,9.1,356,3.9,83.2
32643,238,3,411,5.2,2443,30.9,1917,24.3,1029,13,1076,13.6,789,10,91.8
32648,29,10.9,21,7.9,106,40,56,21.1,31,11.7,15,5.7,7,2.6,81.1
32653,65,0.6,366,3.7,2093,20.9,1792,17.9,1434,14.3,2040,20.4,2217,22.2,95.7
32656,339,3.4,1046,10.5,3368,33.8,2492,25,1155,11.6,1253,12.6,320,3.2,86.1
32658,10,5.7,14,8,66,37.9,52,29.9,20,11.5,11,6.3,1,0.6,86.2
32664,28,5.2,51,9.6,262,49.1,72,13.5,7,1.3,78,14.6,36,6.7,85.2
32666,159,3.4,299,6.4,1636,35,1177,25.2,495,10.6,522,11.2,383,8.2,90.2
32667,54,2.1,101,3.9,755,29.3,417,16.2,327,12.7,440,17.1,480,18.6,94
32668,77,2.6,170,5.6,1319,43.8,668,22.2,314,10.4,206,6.8,257,8.5,91.8
32669,77,1,357,4.5,2061,26.1,1609,20.4,1104,14,1821,23.1,857,10.9,94.5
32680,633,8.5,951,12.8,3171,42.8,1651,22.3,507,6.8,394,5.3,99,1.3,78.6
32681,0,0,0,0,28,36.8,0,0,0,0,48,63.2,0,0,100
32683,11,6.1,16,8.8,117,64.6,10,5.5,27,14.9,0,0,0,0,85.1
32686,112,2.8,503,12.8,1732,44,658,16.7,292,7.4,389,9.9,250,6.4,84.4
32692,26,12.1,0,0,61,28.4,106,49.3,22,10.2,0,0,0,0,87.9
32693,352,4.3,1176,14.5,3210,39.6,1707,21.1,619,7.6,734,9.1,310,3.8,81.2
32694,73,4.7,122,7.8,662,42.3,301,19.2,190,12.1,163,10.4,54,3.5,87.5
32696,266,3.1,938,11,3430,40.2,1882,22.1,816,9.6,726,8.5,472,5.5,85.9
32697,31,15.3,36,17.7,85,41.9,41,20.2,6,3,0,0,4,2,67
32701,607,3.6,648,3.9,4005,23.9,3664,21.9,1838,11,4132,24.7,1855,11.1,92.5
32702,67,3.1,325,15.3,833,39.1,363,17,220,10.3,202,9.5,121,5.7,81.6
32703,2224,6.9,2649,8.3,10877,34,6780,21.2,2872,9,4606,14.4,2025,6.3,84.8
32707,585,2.2,1081,4.1,6526,25,6175,23.6,4639,17.7,5320,20.4,1816,6.9,93.6
32708,633,2,1216,3.8,7445,23.4,6442,20.3,3939,12.4,8100,25.5,3999,12.6,94.2
32709,88,5.1,191,11.2,588,34.3,466,27.2,123,7.2,142,8.3,114,6.7,83.7
32712,1790,5.8,2522,8.1,8230,26.6,6811,22,3043,9.8,5441,17.6,3131,10.1,86.1
32713,284,1.9,1016,6.7,5323,35.1,3524,23.2,1316,8.7,2601,17.1,1113,7.3,91.4
32714,624,2.4,1179,4.6,6606,25.7,6110,23.8,3499,13.6,5264,20.5,2429,9.4,93
32720,809,3.8,1914,9.1,6732,32,4964,23.6,2144,10.2,2941,14,1556,7.4,87.1
32724,470,2,2045,8.7,7862,33.4,5010,21.3,2545,10.8,3504,14.9,2112,9,89.3
32725,1087,3.3,2691,8.2,11803,35.8,7893,23.9,3931,11.9,4085,12.4,1499,4.5,88.5
32726,848,5.6,1212,8.1,6206,41.3,2835,18.9,1294,8.6,1921,12.8,703,4.7,86.3
32730,70,1.8,106,2.7,941,24.3,809,20.9,832,21.5,801,20.7,313,8.1,95.5
32732,79,2.1,196,5.1,1338,34.8,727,18.9,596,15.5,619,16.1,287,7.5,92.8
32735,49,1.6,252,8.1,919,29.5,795,25.5,438,14,374,12,292,9.4,90.3
32736,294,4.1,578,8.1,2171,30.3,1692,23.6,690,9.6,1048,14.6,686,9.6,87.8
32738,1003,3.5,2378,8.2,10490,36.2,6900,23.8,3162,10.9,3860,13.3,1170,4,88.3
32744,91,3.2,216,7.7,1026,36.4,648,23,270,9.6,433,15.4,136,4.8,89.1
32746,571,1.9,941,3.2,4827,16.2,6323,21.3,3116,10.5,9148,30.8,4801,16.2,94.9
32750,551,3.1,742,4.2,4710,26.7,4091,23.2,2134,12.1,3642,20.7,1744,9.9,92.7
32751,137,0.9,520,3.4,2701,17.5,2556,16.5,1406,9.1,5122,33.1,3017,19.5,95.8
32754,238,3.1,683,8.9,2603,34.1,1848,24.2,772,10.1,971,12.7,524,6.9,87.9
32757,1000,5.2,1365,7.1,5480,28.5,4143,21.6,1634,8.5,3441,17.9,2141,11.1,87.7
32759,107,4.8,282,12.8,907,41.1,489,22.1,160,7.2,213,9.6,51,2.3,82.4
32763,547,3.3,1200,7.3,6190,37.6,4034,24.5,1705,10.4,2050,12.5,721,4.4,89.4
32764,78,2.9,431,16,964,35.8,561,20.8,276,10.3,285,10.6,97,3.6,81.1
32765,743,2,1097,2.9,7070,18.6,6533,17.2,5652,14.9,10640,28,6246,16.4,95.2
32766,270,2.6,347,3.4,1847,18,2056,20,1198,11.7,2930,28.6,1610,15.7,94
32767,170,8.1,371,17.7,983,46.8,287,13.7,233,11.1,44,2.1,12,0.6,74.2
32771,1099,3.2,2475,7.2,8895,25.8,7402,21.5,4197,12.2,7074,20.5,3301,9.6,89.6
32773,850,4.3,1218,6.1,6665,33.6,4502,22.7,2856,14.4,2744,13.8,1005,5.1,89.6
32776,607,7.5,545,6.8,2258,28,1976,24.5,718,8.9,1122,13.9,825,10.2,85.7
32778,592,3.7,1244,7.7,5906,36.7,3594,22.3,1502,9.3,2059,12.8,1211,7.5,88.6
32779,192,0.9,492,2.3,3247,15.5,3745,17.8,2420,11.5,6809,32.4,4101,19.5,96.7
32780,425,1.6,1625,6.1,7833,29.4,6363,23.9,3103,11.7,4974,18.7,2277,8.6,92.3
32784,303,3.7,1162,14,2985,36,1997,24.1,783,9.4,599,7.2,470,5.7,82.3
32789,290,1.6,688,3.9,2637,14.9,2418,13.7,1170,6.6,5598,31.6,4892,27.6,94.5
32792,864,2.5,1555,4.4,8255,23.5,8277,23.5,3975,11.3,8072,22.9,4194,11.9,93.1
32796,240,1.5,1032,6.5,5041,31.9,3961,25,2218,14,2188,13.8,1138,7.2,92
32798,106,5,170,8,778,36.5,586,27.5,113,5.3,325,15.3,51,2.4,87
32801,304,2.9,412,3.9,2187,20.9,1303,12.5,776,7.4,3692,35.3,1789,17.1,93.2
32803,87,0.6,295,2.1,2169,15.4,2230,15.8,1669,11.8,4872,34.5,2808,19.9,97.3
32804,196,1.4,403,2.9,3065,22,2190,15.7,1135,8.2,4501,32.4,2415,17.4,95.7
32805,1316,9.1,2352,16.3,5057,35.1,2579,17.9,834,5.8,1743,12.1,533,3.7,74.6
32806,317,1.6,1062,5.3,5175,26,3796,19.1,2157,10.9,4830,24.3,2531,12.7,93.1
32807,2314,10.6,2518,11.5,7411,33.9,3721,17,2413,11,2666,12.2,811,3.7,77.9
32808,2431,7.6,4795,15.1,10943,34.4,6296,19.8,3174,10,2721,8.6,1440,4.5,77.3
32809,1812,9.8,1795,9.7,7011,38,3474,18.8,1437,7.8,2097,11.4,840,4.5,80.5
32810,1058,4.5,2124,9,7561,32,5322,22.5,2743,11.6,3704,15.7,1112,4.7,86.5
32811,1462,6,2234,9.1,7286,29.8,5849,24,2615,10.7,3598,14.7,1373,5.6,84.9
32812,759,2.9,1494,5.8,7144,27.6,5322,20.6,3496,13.5,5276,20.4,2375,9.2,91.3
32814,23,0.4,112,2,494,8.9,645,11.6,459,8.3,2100,37.9,1704,30.8,97.6
32817,607,2.9,1525,7.4,4860,23.6,3831,18.6,2437,11.8,4938,24,2410,11.7,89.7
32818,2486,7.8,3414,10.8,10483,33,6577,20.7,3111,9.8,4139,13,1541,4.9,81.4
32819,581,3,850,4.4,3424,17.8,3795,19.7,2164,11.3,5637,29.3,2780,14.5,92.6
32820,318,5.3,583,9.7,1263,21.1,1251,20.9,565,9.4,1243,20.7,769,12.8,85
32821,266,2.1,773,6.2,2906,23.2,2520,20.1,1367,10.9,3716,29.7,983,7.8,91.7
32822,2113,5.5,4748,12.4,12445,32.5,7913,20.7,4244,11.1,5170,13.5,1665,4.3,82.1
32824,1589,5.8,2073,7.5,7606,27.6,6624,24,3451,12.5,4764,17.3,1477,5.4,86.7
32825,1604,4.2,2974,7.8,8795,23.1,8383,22,4475,11.8,8201,21.6,3608,9.5,88
32826,531,3.9,939,7,3148,23.4,2105,15.7,1774,13.2,3256,24.2,1695,12.6,89.1
32827,58,1,279,4.6,1238,20.6,913,15.2,573,9.5,1520,25.3,1436,23.9,94.4
32828,1011,2.6,1747,4.5,6602,17.1,7802,20.2,4646,12,11471,29.6,5427,14,92.9
32829,566,4.1,813,5.9,3280,23.7,2507,18.1,2125,15.4,2570,18.6,1967,14.2,90
32830,0,0,2,18.2,4,36.4,0,0,5,45.5,0,0,0,0,81.8
32831,321,11.3,783,27.7,1183,41.8,282,10,138,4.9,78,2.8,44,1.6,61
32832,290,2.2,322,2.5,1678,12.9,2505,19.3,1423,11,4436,34.1,2339,18,95.3
32833,102,1.6,344,5.3,2343,36,1495,23,733,11.3,857,13.2,633,9.7,93.1
32835,1110,3.7,1497,5.1,7256,24.5,5369,18.1,3217,10.9,6787,22.9,4391,14.8,91.2
32836,322,2.6,484,3.9,2038,16.3,1817,14.6,1350,10.8,4283,34.3,2191,17.5,93.5
32837,1461,4,2112,5.9,8520,23.6,8169,22.6,3564,9.9,8309,23,3953,11,90.1
32839,2885,8.6,4088,12.1,10263,30.5,7359,21.9,2806,8.3,5188,15.4,1075,3.2,79.3
32901,755,4.2,1356,7.5,5491,30.4,4015,22.2,1571,8.7,3105,17.2,1783,9.9,88.3
32903,85,0.8,242,2.3,1983,18.6,2250,21.1,1049,9.9,2899,27.2,2141,20.1,96.9
32904,306,1.5,1247,6,6106,29.2,4188,20,2422,11.6,4125,19.7,2497,12,92.6
32905,641,3.8,1603,9.6,5366,32.1,3862,23.1,2199,13.1,2102,12.6,968,5.8,86.6
32907,936,3.2,1990,6.7,10072,34,7433,25.1,3233,10.9,4137,14,1794,6.1,90.1
32908,327,4.3,365,4.8,2941,38.8,1931,25.4,805,10.6,910,12,310,4.1,90.9
32909,1113,5.3,1182,5.7,7462,35.8,5247,25.2,2333,11.2,2111,10.1,1407,6.7,89
32920,128,1.5,486,5.6,2517,29,2231,25.7,1028,11.8,1180,13.6,1114,12.8,92.9
32922,822,8.4,1155,11.8,3254,33.2,2047,20.9,1145,11.7,900,9.2,488,5,79.8
32925,12,1.6,27,3.7,108,14.8,217,29.8,110,15.1,173,23.8,81,11.1,94.6
32926,484,3,1910,11.9,4711,29.3,4257,26.5,1904,11.8,2046,12.7,760,4.7,85.1
32927,495,2.7,1281,7.1,6315,35,4522,25,2302,12.7,2130,11.8,1021,5.7,90.2
32931,181,1.5,252,2.1,2694,22.6,2500,21,1319,11.1,2948,24.8,2009,16.9,96.4
32934,313,2.3,749,5.5,3233,23.8,3087,22.7,1568,11.5,2263,16.6,2381,17.5,92.2
32935,935,3.1,2721,8.9,9851,32.4,7075,23.3,3546,11.7,4036,13.3,2264,7.4,88
32937,273,1.4,663,3.4,4405,22.6,4155,21.4,2178,11.2,4563,23.4,3222,16.6,95.2
32940,319,1.2,983,3.7,4955,18.7,5758,21.7,3004,11.3,6561,24.7,4935,18.6,95.1
32948,1124,26.2,562,13.1,1119,26,794,18.5,263,6.1,385,9,50,1.2,60.8
32949,0,0,105,5.3,588,29.6,602,30.3,253,12.7,239,12,200,10.1,94.7
32950,10,0.3,70,2.3,893,29.4,818,26.9,330,10.9,608,20,307,10.1,97.4
32951,104,1.1,264,2.8,2155,22.4,1785,18.6,1060,11,2497,26,1735,18.1,96.2
32952,134,0.9,654,4.3,3770,24.5,3055,19.9,2018,13.1,3652,23.7,2095,13.6,94.9
32953,394,2.3,1034,6,4773,27.7,3912,22.7,2192,12.7,3069,17.8,1850,10.7,91.7
32955,644,2.3,1192,4.2,6672,23.8,6258,22.3,3518,12.5,5888,21,3876,13.8,93.5
32958,656,3.1,2044,9.6,7568,35.6,4737,22.3,2055,9.7,2617,12.3,1601,7.5,87.3
32960,600,3.8,1898,11.9,5202,32.6,3421,21.4,1391,8.7,2232,14,1232,7.7,84.4
32962,875,4.9,1274,7.2,5852,33,4099,23.1,2191,12.4,2382,13.4,1064,6,87.9
32963,215,1.6,101,0.8,1388,10.4,2004,15,958,7.2,4690,35.2,3964,29.8,97.6
32966,537,3.9,786,5.7,4841,35.3,2994,21.9,1151,8.4,1925,14.1,1467,10.7,90.3
32967,738,5.4,1515,11.1,4560,33.4,2644,19.4,1335,9.8,1666,12.2,1187,8.7,83.5
32968,258,2.6,494,5,2591,26,2149,21.6,1069,10.7,2298,23.1,1102,11.1,92.5
32970,0,0,0,0,62,47.7,41,31.5,0,0,0,0,27,20.8,100
32976,324,4.3,864,11.4,3267,43.1,1668,22,537,7.1,633,8.3,291,3.8,84.3
33001,0,0,16,8.9,55,30.6,31,17.2,8,4.4,41,22.8,29,16.1,91.1
33004,559,4.6,1137,9.4,3811,31.5,2719,22.5,989,8.2,2013,16.6,873,7.2,86
33009,2180,6.9,2340,7.4,8840,28,5782,18.3,2987,9.4,5897,18.6,3597,11.4,85.7
33010,7058,20,4103,11.7,13168,37.4,5016,14.2,1516,4.3,3531,10,822,2.3,68.3
33012,10354,17.9,6554,11.3,20974,36.2,7230,12.5,4277,7.4,6075,10.5,2484,4.3,70.8
33013,5536,21.4,3275,12.7,9685,37.4,2932,11.3,1703,6.6,2121,8.2,620,2.4,65.9
33014,3700,12.8,2925,10.1,8605,29.7,5351,18.5,2610,9,3847,13.3,1888,6.5,77.1
33015,2871,6.3,3239,7.1,13636,29.9,8944,19.6,6353,13.9,7237,15.9,3291,7.2,86.6
33016,4562,13.1,3250,9.4,11429,32.9,4986,14.4,3479,10,5116,14.7,1903,5.5,77.5
33018,3916,11.4,3243,9.5,11349,33.2,5384,15.7,3265,9.5,4962,14.5,2086,6.1,79.1
33019,330,2.7,512,4.1,2282,18.4,2323,18.8,1145,9.2,2985,24.1,2812,22.7,93.2
33020,1788,5.6,2739,8.5,10312,32.1,6907,21.5,3336,10.4,4890,15.2,2202,6.8,85.9
33021,2088,5.9,2252,6.4,9735,27.7,7175,20.4,3436,9.8,6418,18.2,4079,11.6,87.7
33023,3726,8,4900,10.5,15897,34.2,9590,20.6,5120,11,4968,10.7,2302,5,81.5
33024,3146,6.4,3358,6.8,15451,31.5,10535,21.4,5229,10.6,7616,15.5,3780,7.7,86.8
33025,1331,3,1624,3.7,11748,26.8,10352,23.6,6249,14.3,8337,19,4141,9.5,93.3
33026,658,3,731,3.4,4429,20.4,4446,20.5,2588,11.9,5506,25.3,3381,15.6,93.6
33027,1370,3.1,2059,4.7,9930,22.7,9409,21.5,4945,11.3,9734,22.3,6245,14.3,92.2
33028,412,2.2,584,3.2,3191,17.3,3792,20.6,2138,11.6,5160,28,3166,17.2,94.6
33029,897,3,913,3.1,6122,20.6,6346,21.3,3440,11.6,7386,24.8,4677,15.7,93.9
33030,5567,25.6,3009,13.9,5785,26.6,3723,17.1,1514,7,1437,6.6,677,3.1,60.5
33031,410,9.3,679,15.4,1420,32.1,764,17.3,336,7.6,425,9.6,383,8.7,75.3
33032,2953,11.5,2887,11.2,7125,27.6,4968,19.3,2873,11.1,3476,13.5,1497,5.8,77.3
33033,5171,15.6,3813,11.5,9869,29.7,6524,19.6,2714,8.2,3729,11.2,1398,4.2,73
33034,2729,19.3,2749,19.4,4529,32,2442,17.3,690,4.9,701,5,316,2.2,61.3
33035,731,7.1,576,5.6,2613,25.3,1892,18.3,1250,12.1,2181,21.1,1095,10.6,87.4
33036,74,2.6,45,1.6,747,26.2,842,29.5,185,6.5,616,21.6,346,12.1,95.8
33037,348,3.8,493,5.4,2459,27,2129,23.4,705,7.7,1610,17.7,1370,15,90.8
33039,130,30.4,104,24.4,105,24.6,66,15.5,22,5.2,0,0,0,0,45.2
33040,1362,5.2,1368,5.2,7839,30.1,5319,20.4,2423,9.3,4707,18.1,3044,11.7,89.5
33042,148,2.6,234,4.1,1346,23.7,1224,21.5,438,7.7,1526,26.9,765,13.5,93.3
33043,74,1.8,194,4.7,1303,31.3,1082,26,373,8.9,796,19.1,346,8.3,93.6
33050,215,3.1,386,5.6,2183,31.9,1644,24,643,9.4,1210,17.7,569,8.3,91.2
33051,0,0,35,5,169,24.3,144,20.7,43,6.2,184,26.4,121,17.4,95
33054,1746,8.9,2809,14.3,8259,42.1,3342,17,1479,7.5,1520,7.7,465,2.4,76.8
33055,3739,11.9,3580,11.4,12261,39,5588,17.8,1681,5.3,3029,9.6,1560,5,76.7
33056,1774,8,2357,10.6,7807,35.1,5216,23.5,1765,7.9,2350,10.6,970,4.4,81.4
33060,2316,9.7,2499,10.5,7348,30.9,4807,20.2,2241,9.4,3232,13.6,1361,5.7,79.8
33062,454,2.4,812,4.2,4526,23.6,3733,19.5,1452,7.6,5067,26.4,3128,16.3,93.4
33063,2142,5.3,2892,7.2,13604,33.8,8909,22.1,3816,9.5,6314,15.7,2577,6.4,87.5
33064,3899,9.6,3687,9,13868,34,7436,18.3,2959,7.3,6208,15.2,2686,6.6,81.4
33065,1417,4.1,2901,8.3,9358,26.8,8380,24,3640,10.4,6518,18.7,2681,7.7,87.6
33066,333,2.4,717,5.1,4291,30.7,2790,19.9,1149,8.2,2685,19.2,2035,14.5,92.5
33067,343,1.9,229,1.2,2865,15.6,3150,17.1,2038,11.1,5796,31.5,3967,21.6,96.9
33068,3052,9.5,2732,8.5,12327,38.2,6066,18.8,3201,9.9,3319,10.3,1559,4.8,82.1
33069,1162,5.6,2037,9.9,7101,34.4,3862,18.7,1660,8.1,3262,15.8,1537,7.5,84.5
33070,78,1.8,315,7.3,1143,26.7,856,20,564,13.2,869,20.3,463,10.8,90.8
33071,523,2,998,3.9,4973,19.2,5915,22.9,2962,11.5,6867,26.6,3624,14,94.1
33073,418,2,712,3.5,5900,28.7,4093,19.9,2309,11.2,5059,24.6,2050,10,94.5
33076,283,1.4,436,2.1,3422,16.4,3056,14.7,2365,11.3,7218,34.6,4069,19.5,96.6
33101,0,-,0,-,0,-,0,-,0,-,0,-,0,-,-
33109,73,15.1,25,5.2,79,16.3,0,0,13,2.7,173,35.7,122,25.2,79.8
33122,0,0,0,0,0,0,0,0,64,67.4,0,0,31,32.6,100
33125,10136,22.9,5474,12.4,16213,36.6,4884,11,2483,5.6,3940,8.9,1165,2.6,64.8
33126,5904,15.2,3485,9,13206,33.9,4218,10.8,4672,12,5484,14.1,1936,5,75.9
33127,3774,18.4,2913,14.2,7021,34.3,3059,15,1256,6.1,1965,9.6,472,2.3,67.3
33128,1700,29.7,658,11.5,1966,34.3,663,11.6,204,3.6,379,6.6,161,2.8,58.9
33129,512,5.1,324,3.2,1023,10.2,1103,11,841,8.4,2971,29.7,3242,32.4,91.7
33130,3630,19,1952,10.2,5400,28.2,1937,10.1,1323,6.9,3035,15.9,1858,9.7,70.8
33131,85,0.7,88,0.7,876,7.2,1121,9.2,674,5.5,4933,40.3,4473,36.5,98.6
33132,560,5.9,373,3.9,1501,15.8,1571,16.5,582,6.1,2772,29.1,2169,22.8,90.2
33133,1401,5.6,1181,4.7,5391,21.4,2950,11.7,1925,7.6,6769,26.9,5568,22.1,89.7
33134,2306,7,1625,4.9,6907,21,4571,13.9,3331,10.1,7743,23.5,6431,19.5,88.1
33135,5857,19.8,3207,10.8,11230,37.9,2996,10.1,1576,5.3,3296,11.1,1431,4.8,69.4
33136,1523,15.2,1643,16.4,2982,29.8,1564,15.6,686,6.9,1161,11.6,451,4.5,68.4
33137,1431,8,1088,6.1,3837,21.3,3028,16.8,1272,7.1,4324,24,3000,16.7,86
33138,2379,10.7,2129,9.6,4592,20.6,4127,18.5,1515,6.8,4457,20,3060,13.7,79.7
33139,2007,6.4,1238,3.9,5862,18.6,4484,14.2,2551,8.1,8617,27.3,6832,21.6,89.7
33140,679,4.1,622,3.8,2441,14.9,2017,12.3,1384,8.4,4649,28.3,4631,28.2,92.1
33141,2321,7.5,2205,7.1,7716,25,4268,13.8,3511,11.4,6528,21.1,4318,14,85.3
33142,6556,17.9,5972,16.3,14210,38.8,4946,13.5,1804,4.9,2367,6.5,795,2.2,65.8
33143,811,3.5,819,3.5,3892,16.7,3873,16.6,2072,8.9,6704,28.8,5144,22.1,93
33144,3690,16.9,2704,12.4,6595,30.2,2542,11.7,2174,10,2818,12.9,1293,5.9,70.7
33145,3047,12.3,1994,8,7621,30.7,2796,11.2,1894,7.6,4626,18.6,2884,11.6,79.7
33146,164,2.1,68,0.9,688,8.9,723,9.4,496,6.5,2554,33.2,2996,39,97
33147,3253,10.7,4814,15.9,11912,39.3,5518,18.2,1937,6.4,2008,6.6,865,2.9,73.4
33149,99,1.1,83,0.9,754,8.6,1145,13,502,5.7,3254,37,2961,33.7,97.9
33150,2526,14.2,2502,14,6058,33.9,2812,15.8,1555,8.7,1520,8.5,875,4.9,71.8
33154,340,3.3,238,2.3,1454,14.2,1931,18.8,756,7.4,3525,34.3,2023,19.7,94.4
33155,3519,10.3,2347,6.9,8648,25.3,5542,16.2,3506,10.3,6405,18.8,4173,12.2,82.8
33156,486,2.2,647,2.9,2917,13.2,2995,13.6,1692,7.7,6431,29.1,6907,31.3,94.9
33157,3526,7.9,3751,8.4,12719,28.4,7921,17.7,3843,8.6,8545,19.1,4535,10.1,83.8
33158,45,1,95,2.1,340,7.4,629,13.6,311,6.7,1366,29.6,1835,39.7,97
33160,909,2.8,993,3.1,5590,17.4,7429,23.1,2756,8.6,7758,24.1,6732,20.9,94.1
33161,4908,13.6,5038,13.9,10271,28.4,7093,19.6,2768,7.7,4272,11.8,1801,5,72.5
33162,3512,11.3,3612,11.7,9673,31.3,6169,19.9,2792,9,3715,12,1475,4.8,77
33165,4987,11.7,3338,7.8,14571,34.1,5337,12.5,3710,8.7,7477,17.5,3314,7.8,80.5
33166,1304,7.3,1328,7.4,5491,30.8,2537,14.2,2320,13,3222,18.1,1639,9.2,85.2
33167,1974,14.5,1678,12.3,5087,37.4,2107,15.5,1239,9.1,1035,7.6,470,3.5,73.1
33168,2642,14,2545,13.5,6567,34.8,3123,16.5,1421,7.5,1686,8.9,906,4.8,72.5
33169,2651,10,2646,10,8398,31.7,5799,21.9,2626,9.9,2871,10.8,1524,5.7,80
33170,844,9.4,671,7.5,3649,40.8,1405,15.7,699,7.8,1284,14.4,394,4.4,83.1
33172,2556,8.5,3568,11.9,8879,29.5,3610,12,3107,10.3,6101,20.3,2273,7.6,79.7
33173,1449,5.9,1466,6,5276,21.4,4063,16.5,2692,10.9,6073,24.7,3598,14.6,88.2
33174,2500,10.9,3113,13.6,6277,27.4,2483,10.8,2487,10.9,4342,19,1703,7.4,75.5
33175,3790,9.3,3125,7.7,13855,34.1,5885,14.5,4121,10.2,6740,16.6,3056,7.5,83
33176,1524,4.2,1947,5.4,8218,22.6,6515,17.9,3792,10.4,8086,22.2,6267,17.2,90.5
33177,3662,9.3,3605,9.2,13383,34,7267,18.5,3206,8.1,6113,15.5,2122,5.4,81.5
33178,941,3.2,510,1.7,5090,17.3,3551,12.1,2915,9.9,11295,38.3,5159,17.5,95.1
33179,2097,6.8,1874,6.1,7835,25.5,6164,20.1,4083,13.3,5454,17.7,3229,10.5,87.1
33180,574,2.3,754,3,4147,16.4,5061,20,2114,8.4,7697,30.4,4945,19.6,94.7
33181,724,5.4,819,6.1,3388,25.4,2826,21.2,1199,9,2772,20.8,1597,12,88.4
33182,1166,8.8,1562,11.8,4047,30.5,1757,13.2,1285,9.7,2364,17.8,1092,8.2,79.4
33183,1649,6,1726,6.3,7515,27.4,4894,17.8,4082,14.9,5355,19.5,2200,8,87.7
33184,1620,9.8,2701,16.4,4199,25.5,2254,13.7,1519,9.2,3035,18.4,1170,7.1,73.8
33185,1210,5.7,1685,8,4956,23.4,3420,16.2,2480,11.7,5365,25.4,2038,9.6,86.3
33186,1784,3.7,2194,4.5,11303,23.2,10531,21.6,6191,12.7,10917,22.4,5896,12.1,91.9
33187,775,6.1,1312,10.4,3374,26.7,2430,19.2,1388,11,2267,17.9,1092,8.6,83.5
33189,1044,5.9,1406,7.9,5146,29.1,3619,20.4,2067,11.7,3019,17.1,1399,7.9,86.2
33190,361,4,611,6.8,1844,20.6,2048,22.9,1140,12.8,1932,21.6,1003,11.2,89.1
33193,2300,6.6,4064,11.6,9655,27.6,5487,15.7,3183,9.1,7847,22.4,2459,7,81.8
33194,679,13.8,536,10.9,1123,22.9,829,16.9,436,8.9,706,14.4,598,12.2,75.2
33196,1430,4.5,1556,4.9,6739,21,7285,22.7,4061,12.7,7710,24.1,3252,10.2,90.7
33301,158,1.4,325,2.9,1321,11.6,1494,13.1,976,8.6,4155,36.6,2933,25.8,95.7
33304,602,3.9,508,3.3,3312,21.4,2587,16.7,1593,10.3,4311,27.8,2591,16.7,92.8
33305,180,1.7,162,1.6,1902,18.2,2130,20.4,931,8.9,3282,31.5,1841,17.7,96.7
33306,0,0,19,0.7,359,13.6,713,26.9,322,12.2,654,24.7,581,21.9,99.3
33308,582,2.4,800,3.3,5039,21,4331,18,1927,8,6852,28.5,4488,18.7,94.2
33309,2505,9.5,2498,9.5,7677,29.1,4555,17.3,3060,11.6,4112,15.6,1965,7.5,81
33311,4306,9.7,7429,16.8,16768,38,7268,16.5,3233,7.3,3535,8,1627,3.7,73.4
33312,2623,7,3560,9.4,10947,29,7393,19.6,3259,8.6,6801,18,3123,8.3,83.6
33313,3106,8.1,4449,11.6,14099,36.7,7202,18.7,3998,10.4,3473,9,2110,5.5,80.3
33314,1051,6.6,1191,7.5,5622,35.4,3045,19.2,1375,8.7,2957,18.6,639,4,85.9
33315,676,6.3,615,5.7,2732,25.4,1972,18.4,1092,10.2,2571,23.9,1078,10,88
33316,345,4.1,445,5.3,1850,22.1,1556,18.6,486,5.8,2093,25,1597,19.1,90.6
33317,1721,6.6,1534,5.9,6315,24.4,5146,19.9,2348,9.1,5868,22.7,2971,11.5,87.4
33319,2340,6.9,3227,9.5,10627,31.3,7333,21.6,3107,9.1,4892,14.4,2442,7.2,83.6
33321,1273,3.5,2006,5.6,11361,31.6,8368,23.2,2753,7.6,7047,19.6,3201,8.9,90.9
33322,1578,5.2,1488,4.9,8540,28.1,6872,22.6,2835,9.3,5679,18.7,3434,11.3,89.9
33323,513,3.8,551,4.1,3178,23.4,2710,20,1777,13.1,3080,22.7,1760,13,92.2
33324,778,2.3,987,2.9,7242,21.1,7152,20.9,3680,10.7,8767,25.6,5681,16.6,94.9
33325,845,4.3,1229,6.2,5287,26.6,3600,18.1,1790,9,4383,22.1,2710,13.7,89.5
33326,582,2.6,575,2.6,3778,16.8,3820,17,2374,10.6,6990,31.2,4307,19.2,94.8
33327,179,1.3,159,1.2,1316,9.6,2191,16,1348,9.8,5300,38.7,3219,23.5,97.5
33328,536,2.8,497,2.6,4242,21.8,4066,20.9,1842,9.5,5019,25.8,3261,16.8,94.7
33330,234,2.4,303,3.1,1809,18.7,1546,15.9,1386,14.3,2458,25.4,1957,20.2,94.5
33331,254,1.6,403,2.6,2393,15.2,2950,18.8,1605,10.2,4678,29.8,3441,21.9,95.8
33332,143,2.1,119,1.7,860,12.5,1338,19.5,662,9.7,1946,28.4,1792,26.1,96.2
33334,1934,8.5,1999,8.8,6155,27,4754,20.9,2021,8.9,3973,17.4,1945,8.5,82.7
33351,1056,4.5,1648,7.1,6500,27.9,4964,21.3,2906,12.5,4451,19.1,1814,7.8,88.4
33401,836,4.5,1188,6.4,4846,25.9,3377,18.1,1740,9.3,4109,22,2604,13.9,89.2
33403,510,5.8,1034,11.7,2499,28.3,1986,22.5,754,8.5,1385,15.7,667,7.5,82.5
33404,1171,6.1,1949,10.1,6530,33.9,3741,19.4,1574,8.2,2746,14.3,1531,8,83.8
33405,2772,18.3,1498,9.9,3802,25.2,1983,13.1,1091,7.2,2619,17.3,1347,8.9,71.7
33406,1066,6.1,1759,10.1,5151,29.5,3545,20.3,1703,9.8,3180,18.2,1044,6,83.8
33407,1936,9.6,2612,12.9,5830,28.8,3849,19,1442,7.1,2857,14.1,1687,8.3,77.5
33408,229,1.6,654,4.5,2975,20.7,3097,21.5,1054,7.3,4144,28.8,2252,15.6,93.9
33409,2244,10.9,1460,7.1,5696,27.7,3976,19.3,1875,9.1,3669,17.8,1648,8,82
33410,961,3.4,1258,4.5,6303,22.5,5965,21.3,2535,9,7262,25.9,3780,13.5,92.1
33411,1656,3.5,2832,5.9,13502,28.2,10237,21.4,5258,11,9037,18.9,5310,11.1,90.6
33412,355,3.4,516,4.9,2701,25.8,2084,19.9,1025,9.8,2148,20.5,1629,15.6,91.7
33413,640,6.2,723,7,2947,28.4,1885,18.2,1446,13.9,1812,17.5,913,8.8,86.9
33414,686,1.8,1259,3.3,7872,20.5,7611,19.8,4157,10.8,10608,27.7,6164,16.1,94.9
33415,4413,13.8,2875,9,11496,35.8,5791,18,2814,8.8,3556,11.1,1144,3.6,77.3
33417,2535,11.1,1733,7.6,7776,34.1,4682,20.5,1684,7.4,3152,13.8,1266,5.5,81.3
33418,515,1.7,651,2.2,5229,17.7,5700,19.3,2891,9.8,8274,28,6275,21.2,96.1
33426,720,4.4,906,5.5,4349,26.6,4051,24.8,2089,12.8,2987,18.3,1262,7.7,90.1
33428,756,2.8,1339,5,7031,26.2,5494,20.4,3067,11.4,6052,22.5,3144,11.7,92.2
33430,2856,21.6,2058,15.6,4099,31,2006,15.2,803,6.1,909,6.9,487,3.7,62.8
33431,296,2.5,225,1.9,2231,18.5,2223,18.4,868,7.2,3802,31.5,2430,20.1,95.7
33432,542,3.4,468,3,2711,17.2,2845,18,1515,9.6,4102,26,3599,22.8,93.6
33433,475,1.5,830,2.6,6100,19,7048,22,2598,8.1,9230,28.8,5813,18.1,95.9
33434,421,2.5,723,4.3,3352,19.8,3302,19.5,1084,6.4,4948,29.2,3130,18.5,93.3
33435,2106,8.6,2491,10.2,7298,29.8,4976,20.3,1745,7.1,3950,16.1,1956,8,81.3
33436,1384,4.1,1747,5.2,8599,25.4,7140,21.1,3530,10.4,8174,24.2,3267,9.7,90.7
33437,681,2,903,2.7,7912,23.7,7700,23.1,2467,7.4,7600,22.8,6060,18.2,95.2
33438,0,0,16,6,213,80.4,22,8.3,0,0,14,5.3,0,0,94
33440,2468,19.8,1879,15.1,4063,32.7,2003,16.1,783,6.3,884,7.1,359,2.9,65.1
33441,1310,6.5,1981,9.8,6400,31.7,3717,18.4,1697,8.4,3665,18.2,1398,6.9,83.7
33442,417,1.8,1300,5.7,7089,31.3,5061,22.4,2100,9.3,4397,19.4,2275,10,92.4
33444,1687,10.1,2219,13.3,4414,26.4,3031,18.1,1281,7.7,2770,16.6,1321,7.9,76.6
33445,1149,4.8,1389,5.9,5862,24.7,4877,20.5,2121,8.9,4938,20.8,3397,14.3,89.3
33446,481,2.4,834,4.1,4949,24.4,4385,21.7,1242,6.1,4634,22.9,3725,18.4,93.5
33449,16,0.2,284,3.6,1095,13.9,1191,15.1,975,12.4,2376,30.2,1932,24.6,96.2
33455,628,3.5,995,5.5,4742,26.1,3818,21,1710,9.4,3888,21.4,2390,13.2,91.1
33458,1448,3.8,1966,5.1,7860,20.4,7134,18.5,3621,9.4,10385,26.9,6123,15.9,91.1
33460,4344,20.4,2084,9.8,5524,25.9,3649,17.1,1599,7.5,2736,12.8,1358,6.4,69.8
33461,4803,16.7,3530,12.3,8721,30.4,5308,18.5,2020,7,2935,10.2,1381,4.8,71
33462,2161,9.3,2089,9,7107,30.5,4344,18.7,2058,8.8,3583,15.4,1939,8.3,81.7
33463,4562,12.3,3285,8.9,10563,28.5,7150,19.3,3476,9.4,5924,16,2065,5.6,78.8
33467,1380,3.7,1686,4.5,9384,24.9,7958,21.2,3509,9.3,8279,22,5422,14.4,91.8
33469,142,1.1,322,2.6,2880,23.1,2164,17.3,1156,9.3,3776,30.2,2052,16.4,96.3
33470,1075,6.1,1581,9,5029,28.6,4070,23.2,2154,12.3,2568,14.6,1083,6.2,84.9
33471,679,11.7,1002,17.3,2552,44,897,15.5,251,4.3,303,5.2,114,2,71
33472,129,0.8,299,1.9,3846,24.9,3132,20.2,1654,10.7,3695,23.9,2713,17.5,97.2
33473,43,0.7,23,0.4,1126,17.6,883,13.8,357,5.6,2263,35.4,1704,26.6,99
33476,919,18.9,776,15.9,1489,30.6,944,19.4,233,4.8,377,7.7,130,2.7,65.2
33477,100,0.8,234,1.9,2468,19.7,2601,20.8,986,7.9,3653,29.2,2472,19.8,97.3
33478,122,1.4,373,4.1,2390,26.5,1925,21.4,1016,11.3,2079,23.1,1110,12.3,94.5
33480,61,0.7,102,1.1,935,10.2,1737,18.9,640,7,3291,35.8,2421,26.4,98.2
33483,166,1.7,293,2.9,1598,16,1868,18.7,674,6.8,3241,32.5,2145,21.5,95.4
33484,636,2.8,1040,4.6,6780,30.2,5002,22.3,1429,6.4,4611,20.6,2918,13,92.5
33486,135,0.8,324,1.9,3656,21.2,3222,18.7,1527,8.9,5408,31.4,2933,17,97.3
33487,125,0.8,442,3,2293,15.4,3288,22.1,1179,7.9,4786,32.2,2738,18.4,96.2
33493,477,11.3,1174,27.8,1582,37.5,584,13.8,181,4.3,158,3.7,65,1.5,60.9
33496,363,2.1,539,3.1,2775,15.7,3313,18.8,886,5,5492,31.1,4284,24.3,94.9
33498,46,0.5,313,3.1,2113,20.8,1748,17.2,888,8.8,2924,28.8,2105,20.8,96.5
33503,34,42,31,38.3,8,9.9,8,9.9,0,0,0,0,0,0,19.8
33510,427,2.3,1147,6.2,5971,32.5,4310,23.5,1673,9.1,3507,19.1,1340,7.3,91.4
33511,863,2.3,1873,5,9258,24.5,9902,26.2,3881,10.3,7833,20.7,4168,11,92.8
33513,471,5.4,1401,16.1,3440,39.6,1956,22.5,538,6.2,542,6.2,336,3.9,78.4
33514,293,19.8,221,14.9,367,24.8,452,30.5,85,5.7,47,3.2,17,1.1,65.3
33521,0,0,48,12.6,253,66.2,43,11.3,30,7.9,8,2.1,0,0,87.4
33523,883,7.5,1614,13.7,4365,37,2366,20,869,7.4,1209,10.2,495,4.2,78.8
33525,686,5.1,1067,7.9,4993,36.9,2659,19.6,1257,9.3,1796,13.3,1086,8,87.1
33527,1363,13.6,1437,14.4,3191,31.9,1845,18.5,748,7.5,936,9.4,476,4.8,72
33534,1097,11.8,995,10.7,2899,31.2,1704,18.4,993,10.7,1135,12.2,460,5,77.5
33538,211,5.9,462,12.8,1430,39.7,874,24.3,318,8.8,233,6.5,73,2,81.3
33540,225,3.3,775,11.3,2993,43.7,1606,23.5,378,5.5,609,8.9,257,3.8,85.4
33541,465,2.9,1984,12.4,6774,42.4,3377,21.1,1370,8.6,1357,8.5,662,4.1,84.7
33542,847,5.3,1821,11.5,6325,39.8,3435,21.6,1564,9.8,1265,8,632,4,83.2
33543,521,3.2,586,3.6,3694,23,3519,21.9,1698,10.6,3697,23,2369,14.7,93.1
33544,368,2.2,930,5.6,3324,20,3119,18.8,1864,11.2,4307,26,2679,16.1,92.2
33545,271,2.6,458,4.5,2537,24.8,2377,23.2,1191,11.6,2418,23.6,994,9.7,92.9
33547,371,2.6,629,4.3,2745,18.9,2575,17.8,1373,9.5,4261,29.4,2552,17.6,93.1
33548,26,0.5,201,4.2,1018,21.5,1164,24.6,369,7.8,1350,28.5,612,12.9,95.2
33549,175,1.5,589,5,2921,24.8,2644,22.4,1187,10.1,2579,21.9,1698,14.4,93.5
33556,324,2.1,511,3.3,3437,22.5,2941,19.2,1442,9.4,4065,26.6,2561,16.8,94.5
33558,167,1.2,446,3.1,2556,18,2918,20.6,1382,9.8,4451,31.4,2249,15.9,95.7
33559,219,2,355,3.2,1976,17.6,2559,22.8,1290,11.5,2835,25.3,1989,17.7,94.9
33563,1679,9.9,2122,12.5,6768,39.8,2969,17.4,1340,7.9,1426,8.4,714,4.2,77.7
33565,650,5.1,1618,12.7,4939,38.7,2625,20.6,1109,8.7,1183,9.3,627,4.9,82.2
33566,1233,9,1402,10.3,4463,32.7,2252,16.5,1182,8.7,2176,15.9,943,6.9,80.7
33567,1143,15,971,12.8,2288,30.1,1510,19.8,538,7.1,874,11.5,285,3.7,72.2
33569,369,2.1,1190,6.8,4520,26,4278,24.6,2216,12.7,3165,18.2,1667,9.6,91
33570,1874,11.2,1896,11.3,5495,32.9,3621,21.7,1489,8.9,1635,9.8,696,4.2,77.4
33572,226,1.8,597,4.8,2641,21.4,2862,23.2,1450,11.8,2907,23.6,1632,13.3,93.3
33573,298,1.5,774,3.9,5879,29.9,5059,25.7,1446,7.4,3380,17.2,2826,14.4,94.5
33576,97,2.9,153,4.6,1023,30.7,848,25.5,433,13,457,13.7,319,9.6,92.5
33578,757,2.5,1448,4.8,7948,26.2,7070,23.3,4102,13.5,6206,20.4,2845,9.4,92.7
33579,616,3.3,754,4.1,4498,24.4,4109,22.3,2111,11.4,4102,22.2,2250,12.2,92.6
33584,557,3.2,1360,7.8,5859,33.7,3650,21,2024,11.7,2800,16.1,1113,6.4,89
33585,9,1,40,4.5,531,59.5,106,11.9,42,4.7,123,13.8,41,4.6,94.5
33592,389,5.5,899,12.8,2623,37.3,1306,18.6,563,8,958,13.6,302,4.3,81.7
33594,828,3.4,1393,5.8,7205,29.8,5578,23.1,2670,11,4401,18.2,2108,8.7,90.8
33596,245,1.2,497,2.5,4058,20.1,3946,19.6,2150,10.7,6102,30.3,3156,15.7,96.3
33597,304,4.6,1331,20,2372,35.7,1394,21,420,6.3,606,9.1,215,3.2,75.4
33598,1952,20.6,1146,12.1,2449,25.9,1642,17.3,613,6.5,1066,11.3,602,6.4,67.3
33602,331,3,617,5.5,1376,12.3,1815,16.2,1004,9,3291,29.4,2759,24.6,91.5
33603,892,6.4,1625,11.6,4188,30,2476,17.7,1117,8,2617,18.7,1068,7.6,82
33604,1949,7.4,3134,11.9,9482,36,4757,18.1,2198,8.3,3262,12.4,1561,5.9,80.7
33605,1395,11.8,1997,16.9,3939,33.4,2039,17.3,676,5.7,1332,11.3,430,3.6,71.3
33606,181,1.6,383,3.4,1428,12.6,1317,11.6,642,5.7,4216,37.2,3154,27.9,95
33607,1511,8.8,2073,12.1,5217,30.4,2482,14.4,1383,8,3169,18.4,1354,7.9,79.1
33609,322,2.5,427,3.3,2395,18.5,1819,14,1141,8.8,4065,31.4,2781,21.5,94.2
33610,1563,6,3638,14.1,9720,37.6,5123,19.8,1837,7.1,2543,9.8,1446,5.6,79.9
33611,730,2.9,1053,4.2,5837,23.5,4343,17.5,2538,10.2,6112,24.6,4196,16.9,92.8
33612,2112,7.1,3422,11.4,10522,35.2,6945,23.2,2304,7.7,3035,10.2,1553,5.2,81.5
33613,2047,10.5,1560,8,5488,28.2,3566,18.3,1542,7.9,3521,18.1,1765,9.1,81.5
33614,2686,8.3,4143,12.7,11497,35.4,6157,18.9,2843,8.7,3622,11.1,1564,4.8,79
33615,1707,5.2,2663,8.1,11143,34,6328,19.3,2604,7.9,5760,17.6,2611,8,86.7
33616,282,2.8,725,7.2,3206,31.9,1868,18.6,1255,12.5,1806,18,900,9,90
33617,1210,4.3,1779,6.2,8115,28.5,5396,19,3255,11.4,5377,18.9,3333,11.7,89.5
33618,269,1.4,552,2.9,3914,20.6,3684,19.4,1955,10.3,5488,28.9,3114,16.4,95.7
33619,2236,9.1,4087,16.7,8352,34.1,4294,17.5,1822,7.4,2725,11.1,969,4,74.2
33620,0,0,0,0,0,0,28,71.8,0,0,11,28.2,0,0,100
33621,0,0,0,0,68,6.9,305,30.8,240,24.3,251,25.4,125,12.6,100
33624,701,2.6,1104,4.1,6161,22.8,5715,21.1,3479,12.9,6659,24.6,3214,11.9,93.3
33625,665,3.7,710,4,4536,25.4,4129,23.1,1757,9.8,3930,22,2111,11.8,92.3
